dateTime,Qair
2017-06-23 10:00:00,0.00608040019869804
2017-06-23 11:00:00,NA
2017-06-23 12:00:00,NA
2017-06-23 13:00:00,NA
2017-06-23 14:00:00,NA
2017-06-23 15:00:00,NA
2017-06-23 16:00:00,NA
2017-06-23 17:00:00,NA
2017-06-23 18:00:00,NA
2017-06-23 19:00:00,NA
2017-06-23 20:00:00,NA
2017-06-23 21:00:00,NA
2017-06-23 22:00:00,NA
2017-06-23 23:00:00,NA
2017-06-24,NA
2017-06-24 01:00:00,NA
2017-06-24 02:00:00,NA
2017-06-24 03:00:00,NA
2017-06-24 04:00:00,NA
2017-06-24 05:00:00,NA
2017-06-24 06:00:00,NA
2017-06-24 07:00:00,NA
2017-06-24 08:00:00,NA
2017-06-24 09:00:00,NA
2017-06-24 10:00:00,NA
2017-06-24 11:00:00,NA
2017-06-24 12:00:00,NA
2017-06-24 13:00:00,NA
2017-06-24 14:00:00,NA
2017-06-24 15:00:00,NA
2017-06-24 16:00:00,NA
2017-06-24 17:00:00,NA
2017-06-24 18:00:00,NA
2017-06-24 19:00:00,NA
2017-06-24 20:00:00,NA
2017-06-24 21:00:00,NA
2017-06-24 22:00:00,NA
2017-06-24 23:00:00,NA
2017-06-25,NA
2017-06-25 01:00:00,NA
2017-06-25 02:00:00,NA
2017-06-25 03:00:00,NA
2017-06-25 04:00:00,NA
2017-06-25 05:00:00,NA
2017-06-25 06:00:00,NA
2017-06-25 07:00:00,NA
2017-06-25 08:00:00,NA
2017-06-25 09:00:00,NA
2017-06-25 10:00:00,NA
2017-06-25 11:00:00,NA
2017-06-25 12:00:00,NA
2017-06-25 13:00:00,NA
2017-06-25 14:00:00,NA
2017-06-25 15:00:00,NA
2017-06-25 16:00:00,NA
2017-06-25 17:00:00,NA
2017-06-25 18:00:00,NA
2017-06-25 19:00:00,NA
2017-06-25 20:00:00,NA
2017-06-25 21:00:00,NA
2017-06-25 22:00:00,NA
2017-06-25 23:00:00,NA
2017-06-26,NA
2017-06-26 01:00:00,NA
2017-06-26 02:00:00,NA
2017-06-26 03:00:00,NA
2017-06-26 04:00:00,NA
2017-06-26 05:00:00,NA
2017-06-26 06:00:00,NA
2017-06-26 07:00:00,NA
2017-06-26 08:00:00,NA
2017-06-26 09:00:00,NA
2017-06-26 10:00:00,NA
2017-06-26 11:00:00,NA
2017-06-26 12:00:00,NA
2017-06-26 13:00:00,NA
2017-06-26 14:00:00,NA
2017-06-26 15:00:00,NA
2017-06-26 16:00:00,NA
2017-06-26 17:00:00,NA
2017-06-26 18:00:00,NA
2017-06-26 19:00:00,NA
2017-06-26 20:00:00,NA
2017-06-26 21:00:00,NA
2017-06-26 22:00:00,NA
2017-06-26 23:00:00,NA
2017-06-27,NA
2017-06-27 01:00:00,NA
2017-06-27 02:00:00,NA
2017-06-27 03:00:00,NA
2017-06-27 04:00:00,NA
2017-06-27 05:00:00,NA
2017-06-27 06:00:00,NA
2017-06-27 07:00:00,NA
2017-06-27 08:00:00,NA
2017-06-27 09:00:00,NA
2017-06-27 10:00:00,NA
2017-06-27 11:00:00,NA
2017-06-27 12:00:00,NA
2017-06-27 13:00:00,NA
2017-06-27 14:00:00,NA
2017-06-27 15:00:00,NA
2017-06-27 16:00:00,NA
2017-06-27 17:00:00,NA
2017-06-27 18:00:00,NA
2017-06-27 19:00:00,NA
2017-06-27 20:00:00,NA
2017-06-27 21:00:00,NA
2017-06-27 22:00:00,NA
2017-06-27 23:00:00,NA
2017-06-28,NA
2017-06-28 01:00:00,NA
2017-06-28 02:00:00,NA
2017-06-28 03:00:00,NA
2017-06-28 04:00:00,NA
2017-06-28 05:00:00,NA
2017-06-28 06:00:00,NA
2017-06-28 07:00:00,NA
2017-06-28 08:00:00,NA
2017-06-28 09:00:00,NA
2017-06-28 10:00:00,NA
2017-06-28 11:00:00,NA
2017-06-28 12:00:00,NA
2017-06-28 13:00:00,NA
2017-06-28 14:00:00,NA
2017-06-28 15:00:00,NA
2017-06-28 16:00:00,NA
2017-06-28 17:00:00,NA
2017-06-28 18:00:00,NA
2017-06-28 19:00:00,NA
2017-06-28 20:00:00,NA
2017-06-28 21:00:00,NA
2017-06-28 22:00:00,NA
2017-06-28 23:00:00,NA
2017-06-29,NA
2017-06-29 01:00:00,NA
2017-06-29 02:00:00,NA
2017-06-29 03:00:00,NA
2017-06-29 04:00:00,NA
2017-06-29 05:00:00,NA
2017-06-29 06:00:00,NA
2017-06-29 07:00:00,NA
2017-06-29 08:00:00,NA
2017-06-29 09:00:00,NA
2017-06-29 10:00:00,NA
2017-06-29 11:00:00,NA
2017-06-29 12:00:00,NA
2017-06-29 13:00:00,NA
2017-06-29 14:00:00,NA
2017-06-29 15:00:00,NA
2017-06-29 16:00:00,NA
2017-06-29 17:00:00,NA
2017-06-29 18:00:00,NA
2017-06-29 19:00:00,NA
2017-06-29 20:00:00,NA
2017-06-29 21:00:00,NA
2017-06-29 22:00:00,NA
2017-06-29 23:00:00,NA
2017-06-30,NA
2017-06-30 01:00:00,NA
2017-06-30 02:00:00,NA
2017-06-30 03:00:00,NA
2017-06-30 04:00:00,NA
2017-06-30 05:00:00,NA
2017-06-30 06:00:00,NA
2017-06-30 07:00:00,NA
2017-06-30 08:00:00,NA
2017-06-30 09:00:00,NA
2017-06-30 10:00:00,NA
2017-06-30 11:00:00,NA
2017-06-30 12:00:00,NA
2017-06-30 13:00:00,NA
2017-06-30 14:00:00,NA
2017-06-30 15:00:00,NA
2017-06-30 16:00:00,NA
2017-06-30 17:00:00,NA
2017-06-30 18:00:00,NA
2017-06-30 19:00:00,NA
2017-06-30 20:00:00,NA
2017-06-30 21:00:00,NA
2017-06-30 22:00:00,NA
2017-06-30 23:00:00,NA
2017-07-01,NA
2017-07-01 01:00:00,NA
2017-07-01 02:00:00,NA
2017-07-01 03:00:00,NA
2017-07-01 04:00:00,NA
2017-07-01 05:00:00,NA
2017-07-01 06:00:00,NA
2017-07-01 07:00:00,NA
2017-07-01 08:00:00,NA
2017-07-01 09:00:00,NA
2017-07-01 10:00:00,NA
2017-07-01 11:00:00,NA
2017-07-01 12:00:00,0.00307720014825463
2017-07-01 13:00:00,NA
2017-07-01 14:00:00,NA
2017-07-01 15:00:00,NA
2017-07-01 16:00:00,NA
2017-07-01 17:00:00,NA
2017-07-01 18:00:00,NA
2017-07-01 19:00:00,NA
2017-07-01 20:00:00,NA
2017-07-01 21:00:00,NA
2017-07-01 22:00:00,NA
2017-07-01 23:00:00,NA
2017-07-02,NA
2017-07-02 01:00:00,NA
2017-07-02 02:00:00,NA
2017-07-02 03:00:00,NA
2017-07-02 04:00:00,NA
2017-07-02 05:00:00,NA
2017-07-02 06:00:00,NA
2017-07-02 07:00:00,NA
2017-07-02 08:00:00,NA
2017-07-02 09:00:00,NA
2017-07-02 10:00:00,NA
2017-07-02 11:00:00,NA
2017-07-02 12:00:00,NA
2017-07-02 13:00:00,NA
2017-07-02 14:00:00,NA
2017-07-02 15:00:00,NA
2017-07-02 16:00:00,NA
2017-07-02 17:00:00,NA
2017-07-02 18:00:00,NA
2017-07-02 19:00:00,NA
2017-07-02 20:00:00,NA
2017-07-02 21:00:00,NA
2017-07-02 22:00:00,NA
2017-07-02 23:00:00,NA
2017-07-03,NA
2017-07-03 01:00:00,0.00414510024711489
2017-07-03 02:00:00,0.00409420020878315
2017-07-03 03:00:00,NA
2017-07-03 04:00:00,NA
2017-07-03 05:00:00,NA
2017-07-03 06:00:00,NA
2017-07-03 07:00:00,NA
2017-07-03 08:00:00,NA
2017-07-03 09:00:00,NA
2017-07-03 10:00:00,NA
2017-07-03 11:00:00,NA
2017-07-03 12:00:00,NA
2017-07-03 13:00:00,NA
2017-07-03 14:00:00,NA
2017-07-03 15:00:00,NA
2017-07-03 16:00:00,NA
2017-07-03 17:00:00,NA
2017-07-03 18:00:00,NA
2017-07-03 19:00:00,NA
2017-07-03 20:00:00,NA
2017-07-03 21:00:00,NA
2017-07-03 22:00:00,NA
2017-07-03 23:00:00,NA
2017-07-04,NA
2017-07-04 01:00:00,NA
2017-07-04 02:00:00,NA
2017-07-04 03:00:00,NA
2017-07-04 04:00:00,NA
2017-07-04 05:00:00,NA
2017-07-04 06:00:00,NA
2017-07-04 07:00:00,NA
2017-07-04 08:00:00,NA
2017-07-04 09:00:00,NA
2017-07-04 10:00:00,NA
2017-07-04 11:00:00,NA
2017-07-04 12:00:00,NA
2017-07-04 13:00:00,NA
2017-07-04 14:00:00,NA
2017-07-04 15:00:00,NA
2017-07-04 16:00:00,NA
2017-07-04 17:00:00,NA
2017-07-04 18:00:00,NA
2017-07-04 19:00:00,NA
2017-07-04 20:00:00,NA
2017-07-04 21:00:00,NA
2017-07-04 22:00:00,NA
2017-07-04 23:00:00,NA
2017-07-05,NA
2017-07-05 01:00:00,NA
2017-07-05 02:00:00,NA
2017-07-05 03:00:00,NA
2017-07-05 04:00:00,NA
2017-07-05 05:00:00,NA
2017-07-05 06:00:00,NA
2017-07-05 07:00:00,NA
2017-07-05 08:00:00,NA
2017-07-05 09:00:00,NA
2017-07-05 10:00:00,NA
2017-07-05 11:00:00,NA
2017-07-05 12:00:00,NA
2017-07-05 13:00:00,NA
2017-07-05 14:00:00,NA
2017-07-05 15:00:00,NA
2017-07-05 16:00:00,NA
2017-07-05 17:00:00,NA
2017-07-05 18:00:00,NA
2017-07-05 19:00:00,NA
2017-07-05 20:00:00,NA
2017-07-05 21:00:00,NA
2017-07-05 22:00:00,NA
2017-07-05 23:00:00,NA
2017-07-06,NA
2017-07-06 01:00:00,NA
2017-07-06 02:00:00,NA
2017-07-06 03:00:00,NA
2017-07-06 04:00:00,NA
2017-07-06 05:00:00,NA
2017-07-06 06:00:00,NA
2017-07-06 07:00:00,NA
2017-07-06 08:00:00,NA
2017-07-06 09:00:00,NA
2017-07-06 10:00:00,NA
2017-07-06 11:00:00,NA
2017-07-06 12:00:00,NA
2017-07-06 13:00:00,NA
2017-07-06 14:00:00,NA
2017-07-06 15:00:00,NA
2017-07-06 16:00:00,NA
2017-07-06 17:00:00,NA
2017-07-06 18:00:00,0.00664100004360079
2017-07-06 19:00:00,0.00632830010727047
2017-07-06 20:00:00,0.00601480016484856
2017-07-06 21:00:00,NA
2017-07-06 22:00:00,NA
2017-07-06 23:00:00,NA
2017-07-07,NA
2017-07-07 01:00:00,NA
2017-07-07 02:00:00,NA
2017-07-07 03:00:00,NA
2017-07-07 04:00:00,NA
2017-07-07 05:00:00,NA
2017-07-07 06:00:00,NA
2017-07-07 07:00:00,NA
2017-07-07 08:00:00,NA
2017-07-07 09:00:00,NA
2017-07-07 10:00:00,NA
2017-07-07 11:00:00,NA
2017-07-07 12:00:00,NA
2017-07-07 13:00:00,NA
2017-07-07 14:00:00,NA
2017-07-07 15:00:00,NA
2017-07-07 16:00:00,NA
2017-07-07 17:00:00,NA
2017-07-07 18:00:00,0.00667040003463625
2017-07-07 19:00:00,NA
2017-07-07 20:00:00,NA
2017-07-07 21:00:00,NA
2017-07-07 22:00:00,NA
2017-07-07 23:00:00,NA
2017-07-08,NA
2017-07-08 01:00:00,NA
2017-07-08 02:00:00,NA
2017-07-08 03:00:00,NA
2017-07-08 04:00:00,NA
2017-07-08 05:00:00,NA
2017-07-08 06:00:00,NA
2017-07-08 07:00:00,NA
2017-07-08 08:00:00,NA
2017-07-08 09:00:00,NA
2017-07-08 10:00:00,NA
2017-07-08 11:00:00,NA
2017-07-08 12:00:00,NA
2017-07-08 13:00:00,NA
2017-07-08 14:00:00,NA
2017-07-08 15:00:00,NA
2017-07-08 16:00:00,NA
2017-07-08 17:00:00,NA
2017-07-08 18:00:00,NA
2017-07-08 19:00:00,NA
2017-07-08 20:00:00,NA
2017-07-08 21:00:00,NA
2017-07-08 22:00:00,NA
2017-07-08 23:00:00,NA
2017-07-09,NA
2017-07-09 01:00:00,NA
2017-07-09 02:00:00,NA
2017-07-09 03:00:00,NA
2017-07-09 04:00:00,NA
2017-07-09 05:00:00,NA
2017-07-09 06:00:00,NA
2017-07-09 07:00:00,NA
2017-07-09 08:00:00,NA
2017-07-09 09:00:00,NA
2017-07-09 10:00:00,NA
2017-07-09 11:00:00,NA
2017-07-09 12:00:00,NA
2017-07-09 13:00:00,NA
2017-07-09 14:00:00,NA
2017-07-09 15:00:00,NA
2017-07-09 16:00:00,NA
2017-07-09 17:00:00,NA
2017-07-09 18:00:00,NA
2017-07-09 19:00:00,NA
2017-07-09 20:00:00,NA
2017-07-09 21:00:00,NA
2017-07-09 22:00:00,NA
2017-07-09 23:00:00,NA
2017-07-10,NA
2017-07-10 01:00:00,NA
2017-07-10 02:00:00,NA
2017-07-10 03:00:00,NA
2017-07-10 04:00:00,NA
2017-07-10 05:00:00,NA
2017-07-10 06:00:00,NA
2017-07-10 07:00:00,NA
2017-07-10 08:00:00,NA
2017-07-10 09:00:00,NA
2017-07-10 10:00:00,NA
2017-07-10 11:00:00,NA
2017-07-10 12:00:00,NA
2017-07-10 13:00:00,NA
2017-07-10 14:00:00,NA
2017-07-10 15:00:00,NA
2017-07-10 16:00:00,NA
2017-07-10 17:00:00,NA
2017-07-10 18:00:00,NA
2017-07-10 19:00:00,NA
2017-07-10 20:00:00,NA
2017-07-10 21:00:00,NA
2017-07-10 22:00:00,NA
2017-07-10 23:00:00,0.00642810016870498
2017-07-11,NA
2017-07-11 01:00:00,NA
2017-07-11 02:00:00,0.00596400024369359
2017-07-11 03:00:00,0.00574210006743669
2017-07-11 04:00:00,0.00578080024570226
2017-07-11 05:00:00,0.00581930018961429
2017-07-11 06:00:00,0.00585780013352632
2017-07-11 07:00:00,0.00599149987101554
2017-07-11 08:00:00,0.00612480007112026
2017-07-11 09:00:00,NA
2017-07-11 10:00:00,0.00621689995750784
2017-07-11 11:00:00,0.0061761001124978
2017-07-11 12:00:00,0.00613480014726519
2017-07-11 13:00:00,0.00610260013490915
2017-07-11 14:00:00,0.00606869999319314
2017-07-11 15:00:00,0.00603350019082427
2017-07-11 16:00:00,0.00616079987958073
2017-07-11 17:00:00,0.00628810003399848
2017-07-11 18:00:00,0.00641550030559301
2017-07-11 19:00:00,NA
2017-07-11 20:00:00,NA
2017-07-11 21:00:00,0.00662280013784766
2017-07-11 22:00:00,0.00660319998860359
2017-07-11 23:00:00,0.00658310018479824
2017-07-12,NA
2017-07-12 01:00:00,0.00644659996032714
2017-07-12 02:00:00,0.00632950011640787
2017-07-12 03:00:00,0.00621280027553439
2017-07-12 04:00:00,0.00614720024168491
2017-07-12 05:00:00,0.00608219997957348
2017-07-12 06:00:00,NA
2017-07-12 07:00:00,NA
2017-07-12 08:00:00,NA
2017-07-12 09:00:00,NA
2017-07-12 10:00:00,NA
2017-07-12 11:00:00,NA
2017-07-12 12:00:00,NA
2017-07-12 13:00:00,NA
2017-07-12 14:00:00,NA
2017-07-12 15:00:00,NA
2017-07-12 16:00:00,NA
2017-07-12 17:00:00,NA
2017-07-12 18:00:00,NA
2017-07-12 19:00:00,NA
2017-07-12 20:00:00,NA
2017-07-12 21:00:00,NA
2017-07-12 22:00:00,NA
2017-07-12 23:00:00,NA
2017-07-13,NA
2017-07-13 01:00:00,NA
2017-07-13 02:00:00,NA
2017-07-13 03:00:00,NA
2017-07-13 04:00:00,NA
2017-07-13 05:00:00,NA
2017-07-13 06:00:00,NA
2017-07-13 07:00:00,NA
2017-07-13 08:00:00,NA
2017-07-13 09:00:00,NA
2017-07-13 10:00:00,NA
2017-07-13 11:00:00,NA
2017-07-13 12:00:00,NA
2017-07-13 13:00:00,NA
2017-07-13 14:00:00,NA
2017-07-13 15:00:00,NA
2017-07-13 16:00:00,NA
2017-07-13 17:00:00,NA
2017-07-13 18:00:00,NA
2017-07-13 19:00:00,NA
2017-07-13 20:00:00,NA
2017-07-13 21:00:00,NA
2017-07-13 22:00:00,NA
2017-07-13 23:00:00,NA
2017-07-14,NA
2017-07-14 01:00:00,NA
2017-07-14 02:00:00,NA
2017-07-14 03:00:00,NA
2017-07-14 04:00:00,NA
2017-07-14 05:00:00,NA
2017-07-14 06:00:00,NA
2017-07-14 07:00:00,NA
2017-07-14 08:00:00,NA
2017-07-14 09:00:00,NA
2017-07-14 10:00:00,NA
2017-07-14 11:00:00,NA
2017-07-14 12:00:00,NA
2017-07-14 13:00:00,NA
2017-07-14 14:00:00,NA
2017-07-14 15:00:00,NA
2017-07-14 16:00:00,NA
2017-07-14 17:00:00,NA
2017-07-14 18:00:00,NA
2017-07-14 19:00:00,NA
2017-07-14 20:00:00,NA
2017-07-14 21:00:00,NA
2017-07-14 22:00:00,NA
2017-07-14 23:00:00,NA
2017-07-15,NA
2017-07-15 01:00:00,NA
2017-07-15 02:00:00,NA
2017-07-15 03:00:00,NA
2017-07-15 04:00:00,NA
2017-07-15 05:00:00,NA
2017-07-15 06:00:00,NA
2017-07-15 07:00:00,NA
2017-07-15 08:00:00,NA
2017-07-15 09:00:00,NA
2017-07-15 10:00:00,NA
2017-07-15 11:00:00,NA
2017-07-15 12:00:00,NA
2017-07-15 13:00:00,NA
2017-07-15 14:00:00,0.00602929992601275
2017-07-15 15:00:00,NA
2017-07-15 16:00:00,NA
2017-07-15 17:00:00,NA
2017-07-15 18:00:00,NA
2017-07-15 19:00:00,NA
2017-07-15 20:00:00,NA
2017-07-15 21:00:00,NA
2017-07-15 22:00:00,NA
2017-07-15 23:00:00,NA
2017-07-16,NA
2017-07-16 01:00:00,NA
2017-07-16 02:00:00,NA
2017-07-16 03:00:00,NA
2017-07-16 04:00:00,NA
2017-07-16 05:00:00,NA
2017-07-16 06:00:00,NA
2017-07-16 07:00:00,NA
2017-07-16 08:00:00,NA
2017-07-16 09:00:00,NA
2017-07-16 10:00:00,NA
2017-07-16 11:00:00,NA
2017-07-16 12:00:00,NA
2017-07-16 13:00:00,NA
2017-07-16 14:00:00,NA
2017-07-16 15:00:00,NA
2017-07-16 16:00:00,NA
2017-07-16 17:00:00,NA
2017-07-16 18:00:00,NA
2017-07-16 19:00:00,NA
2017-07-16 20:00:00,NA
2017-07-16 21:00:00,NA
2017-07-16 22:00:00,NA
2017-07-16 23:00:00,NA
2017-07-17,NA
2017-07-17 01:00:00,NA
2017-07-17 02:00:00,NA
2017-07-17 03:00:00,NA
2017-07-17 04:00:00,NA
2017-07-17 05:00:00,NA
2017-07-17 06:00:00,NA
2017-07-17 07:00:00,NA
2017-07-17 08:00:00,NA
2017-07-17 09:00:00,NA
2017-07-17 10:00:00,NA
2017-07-17 11:00:00,NA
2017-07-17 12:00:00,NA
2017-07-17 13:00:00,NA
2017-07-17 14:00:00,NA
2017-07-17 15:00:00,NA
2017-07-17 16:00:00,NA
2017-07-17 17:00:00,NA
2017-07-17 18:00:00,NA
2017-07-17 19:00:00,NA
2017-07-17 20:00:00,NA
2017-07-17 21:00:00,NA
2017-07-17 22:00:00,NA
2017-07-17 23:00:00,NA
2017-07-18,NA
2017-07-18 01:00:00,NA
2017-07-18 02:00:00,NA
2017-07-18 03:00:00,NA
2017-07-18 04:00:00,NA
2017-07-18 05:00:00,NA
2017-07-18 06:00:00,NA
2017-07-18 07:00:00,NA
2017-07-18 08:00:00,NA
2017-07-18 09:00:00,NA
2017-07-18 10:00:00,NA
2017-07-18 11:00:00,NA
2017-07-18 12:00:00,NA
2017-07-18 13:00:00,NA
2017-07-18 14:00:00,NA
2017-07-18 15:00:00,NA
2017-07-18 16:00:00,NA
2017-07-18 17:00:00,NA
2017-07-18 18:00:00,NA
2017-07-18 19:00:00,NA
2017-07-18 20:00:00,NA
2017-07-18 21:00:00,NA
2017-07-18 22:00:00,NA
2017-07-18 23:00:00,NA
2017-07-19,NA
2017-07-19 01:00:00,NA
2017-07-19 02:00:00,NA
2017-07-19 03:00:00,NA
2017-07-19 04:00:00,NA
2017-07-19 05:00:00,NA
2017-07-19 06:00:00,NA
2017-07-19 07:00:00,NA
2017-07-19 08:00:00,NA
2017-07-19 09:00:00,NA
2017-07-19 10:00:00,0.00597810000181198
2017-07-19 11:00:00,NA
2017-07-19 12:00:00,NA
2017-07-19 13:00:00,NA
2017-07-19 14:00:00,NA
2017-07-19 15:00:00,NA
2017-07-19 16:00:00,NA
2017-07-19 17:00:00,NA
2017-07-19 18:00:00,NA
2017-07-19 19:00:00,NA
2017-07-19 20:00:00,NA
2017-07-19 21:00:00,NA
2017-07-19 22:00:00,NA
2017-07-19 23:00:00,NA
2017-07-20,NA
2017-07-20 01:00:00,NA
2017-07-20 02:00:00,NA
2017-07-20 03:00:00,NA
2017-07-20 04:00:00,NA
2017-07-20 05:00:00,NA
2017-07-20 06:00:00,NA
2017-07-20 07:00:00,NA
2017-07-20 08:00:00,NA
2017-07-20 09:00:00,NA
2017-07-20 10:00:00,NA
2017-07-20 11:00:00,NA
2017-07-20 12:00:00,NA
2017-07-20 13:00:00,NA
2017-07-20 14:00:00,NA
2017-07-20 15:00:00,NA
2017-07-20 16:00:00,NA
2017-07-20 17:00:00,NA
2017-07-20 18:00:00,NA
2017-07-20 19:00:00,NA
2017-07-20 20:00:00,NA
2017-07-20 21:00:00,NA
2017-07-20 22:00:00,NA
2017-07-20 23:00:00,NA
2017-07-21,NA
2017-07-21 01:00:00,NA
2017-07-21 02:00:00,NA
2017-07-21 03:00:00,NA
2017-07-21 04:00:00,NA
2017-07-21 05:00:00,NA
2017-07-21 06:00:00,NA
2017-07-21 07:00:00,NA
2017-07-21 08:00:00,NA
2017-07-21 09:00:00,NA
2017-07-21 10:00:00,NA
2017-07-21 11:00:00,NA
2017-07-21 12:00:00,NA
2017-07-21 13:00:00,NA
2017-07-21 14:00:00,NA
2017-07-21 15:00:00,NA
2017-07-21 16:00:00,NA
2017-07-21 17:00:00,NA
2017-07-21 18:00:00,NA
2017-07-21 19:00:00,NA
2017-07-21 20:00:00,NA
2017-07-21 21:00:00,NA
2017-07-21 22:00:00,NA
2017-07-21 23:00:00,NA
2017-07-22,NA
2017-07-22 01:00:00,NA
2017-07-22 02:00:00,NA
2017-07-22 03:00:00,NA
2017-07-22 04:00:00,NA
2017-07-22 05:00:00,NA
2017-07-22 06:00:00,NA
2017-07-22 07:00:00,NA
2017-07-22 08:00:00,NA
2017-07-22 09:00:00,NA
2017-07-22 10:00:00,NA
2017-07-22 11:00:00,NA
2017-07-22 12:00:00,NA
2017-07-22 13:00:00,NA
2017-07-22 14:00:00,NA
2017-07-22 15:00:00,NA
2017-07-22 16:00:00,NA
2017-07-22 17:00:00,NA
2017-07-22 18:00:00,NA
2017-07-22 19:00:00,NA
2017-07-22 20:00:00,NA
2017-07-22 21:00:00,NA
2017-07-22 22:00:00,NA
2017-07-22 23:00:00,NA
2017-07-23,NA
2017-07-23 01:00:00,NA
2017-07-23 02:00:00,NA
2017-07-23 03:00:00,NA
2017-07-23 04:00:00,NA
2017-07-23 05:00:00,NA
2017-07-23 06:00:00,NA
2017-07-23 07:00:00,NA
2017-07-23 08:00:00,NA
2017-07-23 09:00:00,NA
2017-07-23 10:00:00,NA
2017-07-23 11:00:00,NA
2017-07-23 12:00:00,NA
2017-07-23 13:00:00,NA
2017-07-23 14:00:00,NA
2017-07-23 15:00:00,NA
2017-07-23 16:00:00,NA
2017-07-23 17:00:00,NA
2017-07-23 18:00:00,NA
2017-07-23 19:00:00,NA
2017-07-23 20:00:00,NA
2017-07-23 21:00:00,NA
2017-07-23 22:00:00,NA
2017-07-23 23:00:00,NA
2017-07-24,NA
2017-07-24 01:00:00,NA
2017-07-24 02:00:00,NA
2017-07-24 03:00:00,NA
2017-07-24 04:00:00,NA
2017-07-24 05:00:00,NA
2017-07-24 06:00:00,NA
2017-07-24 07:00:00,NA
2017-07-24 08:00:00,NA
2017-07-24 09:00:00,NA
2017-07-24 10:00:00,NA
2017-07-24 11:00:00,NA
2017-07-24 12:00:00,NA
2017-07-24 13:00:00,NA
2017-07-24 14:00:00,NA
2017-07-24 15:00:00,NA
2017-07-24 16:00:00,NA
2017-07-24 17:00:00,NA
2017-07-24 18:00:00,NA
2017-07-24 19:00:00,NA
2017-07-24 20:00:00,NA
2017-07-24 21:00:00,NA
2017-07-24 22:00:00,NA
2017-07-24 23:00:00,NA
2017-07-25,NA
2017-07-25 01:00:00,NA
2017-07-25 02:00:00,NA
2017-07-25 03:00:00,NA
2017-07-25 04:00:00,NA
2017-07-25 05:00:00,NA
2017-07-25 06:00:00,NA
2017-07-25 07:00:00,NA
2017-07-25 08:00:00,NA
2017-07-25 09:00:00,NA
2017-07-25 10:00:00,NA
2017-07-25 11:00:00,NA
2017-07-25 12:00:00,NA
2017-07-25 13:00:00,NA
2017-07-25 14:00:00,NA
2017-07-25 15:00:00,NA
2017-07-25 16:00:00,NA
2017-07-25 17:00:00,NA
2017-07-25 18:00:00,NA
2017-07-25 19:00:00,NA
2017-07-25 20:00:00,NA
2017-07-25 21:00:00,NA
2017-07-25 22:00:00,NA
2017-07-25 23:00:00,NA
2017-07-26,NA
2017-07-26 01:00:00,NA
2017-07-26 02:00:00,NA
2017-07-26 03:00:00,NA
2017-07-26 04:00:00,NA
2017-07-26 05:00:00,NA
2017-07-26 06:00:00,NA
2017-07-26 07:00:00,NA
2017-07-26 08:00:00,NA
2017-07-26 09:00:00,NA
2017-07-26 10:00:00,NA
2017-07-26 11:00:00,NA
2017-07-26 12:00:00,NA
2017-07-26 13:00:00,NA
2017-07-26 14:00:00,NA
2017-07-26 15:00:00,NA
2017-07-26 16:00:00,NA
2017-07-26 17:00:00,NA
2017-07-26 18:00:00,NA
2017-07-26 19:00:00,NA
2017-07-26 20:00:00,NA
2017-07-26 21:00:00,NA
2017-07-26 22:00:00,NA
2017-07-26 23:00:00,NA
2017-07-27,NA
2017-07-27 01:00:00,NA
2017-07-27 02:00:00,NA
2017-07-27 03:00:00,NA
2017-07-27 04:00:00,NA
2017-07-27 05:00:00,NA
2017-07-27 06:00:00,NA
2017-07-27 07:00:00,NA
2017-07-27 08:00:00,NA
2017-07-27 09:00:00,NA
2017-07-27 10:00:00,NA
2017-07-27 11:00:00,NA
2017-07-27 12:00:00,NA
2017-07-27 13:00:00,NA
2017-07-27 14:00:00,NA
2017-07-27 15:00:00,NA
2017-07-27 16:00:00,NA
2017-07-27 17:00:00,NA
2017-07-27 18:00:00,NA
2017-07-27 19:00:00,NA
2017-07-27 20:00:00,NA
2017-07-27 21:00:00,NA
2017-07-27 22:00:00,NA
2017-07-27 23:00:00,NA
2017-07-28,NA
2017-07-28 01:00:00,NA
2017-07-28 02:00:00,NA
2017-07-28 03:00:00,NA
2017-07-28 04:00:00,NA
2017-07-28 05:00:00,NA
2017-07-28 06:00:00,NA
2017-07-28 07:00:00,NA
2017-07-28 08:00:00,NA
2017-07-28 09:00:00,NA
2017-07-28 10:00:00,NA
2017-07-28 11:00:00,NA
2017-07-28 12:00:00,NA
2017-07-28 13:00:00,NA
2017-07-28 14:00:00,NA
2017-07-28 15:00:00,NA
2017-07-28 16:00:00,NA
2017-07-28 17:00:00,NA
2017-07-28 18:00:00,NA
2017-07-28 19:00:00,NA
2017-07-28 20:00:00,NA
2017-07-28 21:00:00,NA
2017-07-28 22:00:00,NA
2017-07-28 23:00:00,NA
2017-07-29,NA
2017-07-29 01:00:00,NA
2017-07-29 02:00:00,NA
2017-07-29 03:00:00,NA
2017-07-29 04:00:00,NA
2017-07-29 05:00:00,NA
2017-07-29 06:00:00,NA
2017-07-29 07:00:00,NA
2017-07-29 08:00:00,NA
2017-07-29 09:00:00,NA
2017-07-29 10:00:00,NA
2017-07-29 11:00:00,NA
2017-07-29 12:00:00,NA
2017-07-29 13:00:00,NA
2017-07-29 14:00:00,NA
2017-07-29 15:00:00,NA
2017-07-29 16:00:00,NA
2017-07-29 17:00:00,NA
2017-07-29 18:00:00,NA
2017-07-29 19:00:00,NA
2017-07-29 20:00:00,NA
2017-07-29 21:00:00,NA
2017-07-29 22:00:00,NA
2017-07-29 23:00:00,NA
2017-07-30,NA
2017-07-30 01:00:00,NA
2017-07-30 02:00:00,NA
2017-07-30 03:00:00,NA
2017-07-30 04:00:00,NA
2017-07-30 05:00:00,NA
2017-07-30 06:00:00,NA
2017-07-30 07:00:00,NA
2017-07-30 08:00:00,NA
2017-07-30 09:00:00,NA
2017-07-30 10:00:00,NA
2017-07-30 11:00:00,NA
2017-07-30 12:00:00,NA
2017-07-30 13:00:00,NA
2017-07-30 14:00:00,NA
2017-07-30 15:00:00,NA
2017-07-30 16:00:00,NA
2017-07-30 17:00:00,NA
2017-07-30 18:00:00,NA
2017-07-30 19:00:00,NA
2017-07-30 20:00:00,NA
2017-07-30 21:00:00,NA
2017-07-30 22:00:00,NA
2017-07-30 23:00:00,NA
2017-07-31,NA
2017-07-31 01:00:00,NA
2017-07-31 02:00:00,NA
2017-07-31 03:00:00,NA
2017-07-31 04:00:00,NA
2017-07-31 05:00:00,NA
2017-07-31 06:00:00,NA
2017-07-31 07:00:00,NA
2017-07-31 08:00:00,NA
2017-07-31 09:00:00,NA
2017-07-31 10:00:00,NA
2017-07-31 11:00:00,NA
2017-07-31 12:00:00,NA
2017-07-31 13:00:00,NA
2017-07-31 14:00:00,NA
2017-07-31 15:00:00,NA
2017-07-31 16:00:00,NA
2017-07-31 17:00:00,NA
2017-07-31 18:00:00,NA
2017-07-31 19:00:00,NA
2017-07-31 20:00:00,NA
2017-07-31 21:00:00,NA
2017-07-31 22:00:00,NA
2017-07-31 23:00:00,NA
2017-08-01,NA
2017-08-01 01:00:00,NA
2017-08-01 02:00:00,NA
2017-08-01 03:00:00,NA
2017-08-01 04:00:00,NA
2017-08-01 05:00:00,NA
2017-08-01 06:00:00,NA
2017-08-01 07:00:00,NA
2017-08-01 08:00:00,NA
2017-08-01 09:00:00,NA
2017-08-01 10:00:00,NA
2017-08-01 11:00:00,NA
2017-08-01 12:00:00,NA
2017-08-01 13:00:00,NA
2017-08-01 14:00:00,NA
2017-08-01 15:00:00,NA
2017-08-01 16:00:00,NA
2017-08-01 17:00:00,NA
2017-08-01 18:00:00,NA
2017-08-01 19:00:00,NA
2017-08-01 20:00:00,NA
2017-08-01 21:00:00,NA
2017-08-01 22:00:00,NA
2017-08-01 23:00:00,NA
2017-08-02,NA
2017-08-02 01:00:00,NA
2017-08-02 02:00:00,NA
2017-08-02 03:00:00,NA
2017-08-02 04:00:00,NA
2017-08-02 05:00:00,NA
2017-08-02 06:00:00,NA
2017-08-02 07:00:00,NA
2017-08-02 08:00:00,NA
2017-08-02 09:00:00,NA
2017-08-02 10:00:00,NA
2017-08-02 11:00:00,NA
2017-08-02 12:00:00,NA
2017-08-02 13:00:00,NA
2017-08-02 14:00:00,NA
2017-08-02 15:00:00,NA
2017-08-02 16:00:00,NA
2017-08-02 17:00:00,NA
2017-08-02 18:00:00,NA
2017-08-02 19:00:00,NA
2017-08-02 20:00:00,NA
2017-08-02 21:00:00,NA
2017-08-02 22:00:00,NA
2017-08-02 23:00:00,NA
2017-08-03,NA
2017-08-03 01:00:00,NA
2017-08-03 02:00:00,NA
2017-08-03 03:00:00,NA
2017-08-03 04:00:00,NA
2017-08-03 05:00:00,NA
2017-08-03 06:00:00,NA
2017-08-03 07:00:00,NA
2017-08-03 08:00:00,NA
2017-08-03 09:00:00,NA
2017-08-03 10:00:00,NA
2017-08-03 11:00:00,NA
2017-08-03 12:00:00,NA
2017-08-03 13:00:00,NA
2017-08-03 14:00:00,NA
2017-08-03 15:00:00,NA
2017-08-03 16:00:00,NA
2017-08-03 17:00:00,NA
2017-08-03 18:00:00,NA
2017-08-03 19:00:00,NA
2017-08-03 20:00:00,NA
2017-08-03 21:00:00,NA
2017-08-03 22:00:00,NA
2017-08-03 23:00:00,NA
2017-08-04,NA
2017-08-04 01:00:00,NA
2017-08-04 02:00:00,NA
2017-08-04 03:00:00,NA
2017-08-04 04:00:00,NA
2017-08-04 05:00:00,NA
2017-08-04 06:00:00,NA
2017-08-04 07:00:00,NA
2017-08-04 08:00:00,NA
2017-08-04 09:00:00,NA
2017-08-04 10:00:00,NA
2017-08-04 11:00:00,NA
2017-08-04 12:00:00,NA
2017-08-04 13:00:00,NA
2017-08-04 14:00:00,NA
2017-08-04 15:00:00,NA
2017-08-04 16:00:00,NA
2017-08-04 17:00:00,NA
2017-08-04 18:00:00,NA
2017-08-04 19:00:00,NA
2017-08-04 20:00:00,NA
2017-08-04 21:00:00,NA
2017-08-04 22:00:00,NA
2017-08-04 23:00:00,NA
2017-08-05,NA
2017-08-05 01:00:00,NA
2017-08-05 02:00:00,NA
2017-08-05 03:00:00,NA
2017-08-05 04:00:00,NA
2017-08-05 05:00:00,NA
2017-08-05 06:00:00,NA
2017-08-05 07:00:00,NA
2017-08-05 08:00:00,NA
2017-08-05 09:00:00,NA
2017-08-05 10:00:00,NA
2017-08-05 11:00:00,NA
2017-08-05 12:00:00,NA
2017-08-05 13:00:00,NA
2017-08-05 14:00:00,NA
2017-08-05 15:00:00,NA
2017-08-05 16:00:00,NA
2017-08-05 17:00:00,NA
2017-08-05 18:00:00,NA
2017-08-05 19:00:00,NA
2017-08-05 20:00:00,NA
2017-08-05 21:00:00,NA
2017-08-05 22:00:00,NA
2017-08-05 23:00:00,NA
2017-08-06,NA
2017-08-06 01:00:00,NA
2017-08-06 02:00:00,NA
2017-08-06 03:00:00,NA
2017-08-06 04:00:00,NA
2017-08-06 05:00:00,NA
2017-08-06 06:00:00,NA
2017-08-06 07:00:00,NA
2017-08-06 08:00:00,NA
2017-08-06 09:00:00,NA
2017-08-06 10:00:00,NA
2017-08-06 11:00:00,NA
2017-08-06 12:00:00,NA
2017-08-06 13:00:00,NA
2017-08-06 14:00:00,NA
2017-08-06 15:00:00,NA
2017-08-06 16:00:00,NA
2017-08-06 17:00:00,NA
2017-08-06 18:00:00,NA
2017-08-06 19:00:00,NA
2017-08-06 20:00:00,NA
2017-08-06 21:00:00,NA
2017-08-06 22:00:00,NA
2017-08-06 23:00:00,NA
2017-08-07,NA
2017-08-07 01:00:00,NA
2017-08-07 02:00:00,NA
2017-08-07 03:00:00,NA
2017-08-07 04:00:00,NA
2017-08-07 05:00:00,NA
2017-08-07 06:00:00,NA
2017-08-07 07:00:00,NA
2017-08-07 08:00:00,NA
2017-08-07 09:00:00,NA
2017-08-07 10:00:00,NA
2017-08-07 11:00:00,NA
2017-08-07 12:00:00,NA
2017-08-07 13:00:00,NA
2017-08-07 14:00:00,NA
2017-08-07 15:00:00,NA
2017-08-07 16:00:00,NA
2017-08-07 17:00:00,NA
2017-08-07 18:00:00,NA
2017-08-07 19:00:00,NA
2017-08-07 20:00:00,NA
2017-08-07 21:00:00,NA
2017-08-07 22:00:00,NA
2017-08-07 23:00:00,NA
2017-08-08,NA
2017-08-08 01:00:00,NA
2017-08-08 02:00:00,NA
2017-08-08 03:00:00,NA
2017-08-08 04:00:00,NA
2017-08-08 05:00:00,NA
2017-08-08 06:00:00,NA
2017-08-08 07:00:00,NA
2017-08-08 08:00:00,NA
2017-08-08 09:00:00,NA
2017-08-08 10:00:00,NA
2017-08-08 11:00:00,NA
2017-08-08 12:00:00,NA
2017-08-08 13:00:00,NA
2017-08-08 14:00:00,NA
2017-08-08 15:00:00,NA
2017-08-08 16:00:00,NA
2017-08-08 17:00:00,NA
2017-08-08 18:00:00,NA
2017-08-08 19:00:00,NA
2017-08-08 20:00:00,NA
2017-08-08 21:00:00,NA
2017-08-08 22:00:00,NA
2017-08-08 23:00:00,NA
2017-08-09,NA
2017-08-09 01:00:00,NA
2017-08-09 02:00:00,NA
2017-08-09 03:00:00,NA
2017-08-09 04:00:00,NA
2017-08-09 05:00:00,NA
2017-08-09 06:00:00,NA
2017-08-09 07:00:00,NA
2017-08-09 08:00:00,NA
2017-08-09 09:00:00,NA
2017-08-09 10:00:00,NA
2017-08-09 11:00:00,NA
2017-08-09 12:00:00,NA
2017-08-09 13:00:00,NA
2017-08-09 14:00:00,NA
2017-08-09 15:00:00,NA
2017-08-09 16:00:00,NA
2017-08-09 17:00:00,NA
2017-08-09 18:00:00,NA
2017-08-09 19:00:00,NA
2017-08-09 20:00:00,NA
2017-08-09 21:00:00,NA
2017-08-09 22:00:00,NA
2017-08-09 23:00:00,NA
2017-08-10,NA
2017-08-10 01:00:00,NA
2017-08-10 02:00:00,NA
2017-08-10 03:00:00,NA
2017-08-10 04:00:00,NA
2017-08-10 05:00:00,NA
2017-08-10 06:00:00,NA
2017-08-10 07:00:00,NA
2017-08-10 08:00:00,NA
2017-08-10 09:00:00,NA
2017-08-10 10:00:00,NA
2017-08-10 11:00:00,NA
2017-08-10 12:00:00,NA
2017-08-10 13:00:00,NA
2017-08-10 14:00:00,NA
2017-08-10 15:00:00,NA
2017-08-10 16:00:00,NA
2017-08-10 17:00:00,NA
2017-08-10 18:00:00,NA
2017-08-10 19:00:00,NA
2017-08-10 20:00:00,NA
2017-08-10 21:00:00,NA
2017-08-10 22:00:00,NA
2017-08-10 23:00:00,NA
2017-08-11,NA
2017-08-11 01:00:00,NA
2017-08-11 02:00:00,NA
2017-08-11 03:00:00,NA
2017-08-11 04:00:00,NA
2017-08-11 05:00:00,NA
2017-08-11 06:00:00,NA
2017-08-11 07:00:00,NA
2017-08-11 08:00:00,NA
2017-08-11 09:00:00,NA
2017-08-11 10:00:00,NA
2017-08-11 11:00:00,NA
2017-08-11 12:00:00,NA
2017-08-11 13:00:00,NA
2017-08-11 14:00:00,NA
2017-08-11 15:00:00,NA
2017-08-11 16:00:00,NA
2017-08-11 17:00:00,NA
2017-08-11 18:00:00,NA
2017-08-11 19:00:00,NA
2017-08-11 20:00:00,NA
2017-08-11 21:00:00,NA
2017-08-11 22:00:00,NA
2017-08-11 23:00:00,NA
2017-08-12,NA
2017-08-12 01:00:00,NA
2017-08-12 02:00:00,NA
2017-08-12 03:00:00,NA
2017-08-12 04:00:00,NA
2017-08-12 05:00:00,NA
2017-08-12 06:00:00,NA
2017-08-12 07:00:00,NA
2017-08-12 08:00:00,NA
2017-08-12 09:00:00,NA
2017-08-12 10:00:00,NA
2017-08-12 11:00:00,NA
2017-08-12 12:00:00,NA
2017-08-12 13:00:00,NA
2017-08-12 14:00:00,NA
2017-08-12 15:00:00,NA
2017-08-12 16:00:00,NA
2017-08-12 17:00:00,NA
2017-08-12 18:00:00,NA
2017-08-12 19:00:00,NA
2017-08-12 20:00:00,NA
2017-08-12 21:00:00,NA
2017-08-12 22:00:00,NA
2017-08-12 23:00:00,NA
2017-08-13,NA
2017-08-13 01:00:00,NA
2017-08-13 02:00:00,NA
2017-08-13 03:00:00,NA
2017-08-13 04:00:00,NA
2017-08-13 05:00:00,NA
2017-08-13 06:00:00,NA
2017-08-13 07:00:00,NA
2017-08-13 08:00:00,NA
2017-08-13 09:00:00,NA
2017-08-13 10:00:00,NA
2017-08-13 11:00:00,NA
2017-08-13 12:00:00,NA
2017-08-13 13:00:00,NA
2017-08-13 14:00:00,NA
2017-08-13 15:00:00,NA
2017-08-13 16:00:00,NA
2017-08-13 17:00:00,NA
2017-08-13 18:00:00,NA
2017-08-13 19:00:00,NA
2017-08-13 20:00:00,NA
2017-08-13 21:00:00,NA
2017-08-13 22:00:00,NA
2017-08-13 23:00:00,NA
2017-08-14,NA
2017-08-14 01:00:00,NA
2017-08-14 02:00:00,NA
2017-08-14 03:00:00,NA
2017-08-14 04:00:00,NA
2017-08-14 05:00:00,NA
2017-08-14 06:00:00,NA
2017-08-14 07:00:00,NA
2017-08-14 08:00:00,NA
2017-08-14 09:00:00,NA
2017-08-14 10:00:00,NA
2017-08-14 11:00:00,NA
2017-08-14 12:00:00,NA
2017-08-14 13:00:00,NA
2017-08-14 14:00:00,NA
2017-08-14 15:00:00,NA
2017-08-14 16:00:00,NA
2017-08-14 17:00:00,NA
2017-08-14 18:00:00,NA
2017-08-14 19:00:00,NA
2017-08-14 20:00:00,NA
2017-08-14 21:00:00,NA
2017-08-14 22:00:00,NA
2017-08-14 23:00:00,NA
2017-08-15,NA
2017-08-15 01:00:00,NA
2017-08-15 02:00:00,NA
2017-08-15 03:00:00,NA
2017-08-15 04:00:00,NA
2017-08-15 05:00:00,NA
2017-08-15 06:00:00,NA
2017-08-15 07:00:00,NA
2017-08-15 08:00:00,NA
2017-08-15 09:00:00,NA
2017-08-15 10:00:00,NA
2017-08-15 11:00:00,NA
2017-08-15 12:00:00,NA
2017-08-15 13:00:00,NA
2017-08-15 14:00:00,NA
2017-08-15 15:00:00,NA
2017-08-15 16:00:00,NA
2017-08-15 17:00:00,NA
2017-08-15 18:00:00,NA
2017-08-15 19:00:00,NA
2017-08-15 20:00:00,NA
2017-08-15 21:00:00,NA
2017-08-15 22:00:00,NA
2017-08-15 23:00:00,NA
2017-08-16,NA
2017-08-16 01:00:00,NA
2017-08-16 02:00:00,NA
2017-08-16 03:00:00,NA
2017-08-16 04:00:00,NA
2017-08-16 05:00:00,NA
2017-08-16 06:00:00,NA
2017-08-16 07:00:00,NA
2017-08-16 08:00:00,NA
2017-08-16 09:00:00,NA
2017-08-16 10:00:00,NA
2017-08-16 11:00:00,NA
2017-08-16 12:00:00,NA
2017-08-16 13:00:00,NA
2017-08-16 14:00:00,NA
2017-08-16 15:00:00,NA
2017-08-16 16:00:00,NA
2017-08-16 17:00:00,NA
2017-08-16 18:00:00,NA
2017-08-16 19:00:00,NA
2017-08-16 20:00:00,NA
2017-08-16 21:00:00,NA
2017-08-16 22:00:00,NA
2017-08-16 23:00:00,NA
2017-08-17,NA
2017-08-17 01:00:00,NA
2017-08-17 02:00:00,NA
2017-08-17 03:00:00,NA
2017-08-17 04:00:00,NA
2017-08-17 05:00:00,NA
2017-08-17 06:00:00,NA
2017-08-17 07:00:00,NA
2017-08-17 08:00:00,NA
2017-08-17 09:00:00,NA
2017-08-17 10:00:00,NA
2017-08-17 11:00:00,NA
2017-08-17 12:00:00,NA
2017-08-17 13:00:00,NA
2017-08-17 14:00:00,NA
2017-08-17 15:00:00,NA
2017-08-17 16:00:00,NA
2017-08-17 17:00:00,NA
2017-08-17 18:00:00,NA
2017-08-17 19:00:00,NA
2017-08-17 20:00:00,NA
2017-08-17 21:00:00,NA
2017-08-17 22:00:00,NA
2017-08-17 23:00:00,NA
2017-08-18,NA
2017-08-18 01:00:00,NA
2017-08-18 02:00:00,NA
2017-08-18 03:00:00,NA
2017-08-18 04:00:00,NA
2017-08-18 05:00:00,NA
2017-08-18 06:00:00,NA
2017-08-18 07:00:00,NA
2017-08-18 08:00:00,NA
2017-08-18 09:00:00,NA
2017-08-18 10:00:00,NA
2017-08-18 11:00:00,NA
2017-08-18 12:00:00,NA
2017-08-18 13:00:00,NA
2017-08-18 14:00:00,NA
2017-08-18 15:00:00,NA
2017-08-18 16:00:00,NA
2017-08-18 17:00:00,NA
2017-08-18 18:00:00,NA
2017-08-18 19:00:00,NA
2017-08-18 20:00:00,NA
2017-08-18 21:00:00,NA
2017-08-18 22:00:00,NA
2017-08-18 23:00:00,NA
2017-08-19,NA
2017-08-19 01:00:00,NA
2017-08-19 02:00:00,NA
2017-08-19 03:00:00,NA
2017-08-19 04:00:00,NA
2017-08-19 05:00:00,NA
2017-08-19 06:00:00,NA
2017-08-19 07:00:00,NA
2017-08-19 08:00:00,NA
2017-08-19 09:00:00,NA
2017-08-19 10:00:00,NA
2017-08-19 11:00:00,NA
2017-08-19 12:00:00,NA
2017-08-19 13:00:00,NA
2017-08-19 14:00:00,NA
2017-08-19 15:00:00,NA
2017-08-19 16:00:00,NA
2017-08-19 17:00:00,NA
2017-08-19 18:00:00,NA
2017-08-19 19:00:00,NA
2017-08-19 20:00:00,NA
2017-08-19 21:00:00,NA
2017-08-19 22:00:00,NA
2017-08-19 23:00:00,NA
2017-08-20,NA
2017-08-20 01:00:00,NA
2017-08-20 02:00:00,NA
2017-08-20 03:00:00,NA
2017-08-20 04:00:00,NA
2017-08-20 05:00:00,NA
2017-08-20 06:00:00,NA
2017-08-20 07:00:00,NA
2017-08-20 08:00:00,NA
2017-08-20 09:00:00,NA
2017-08-20 10:00:00,NA
2017-08-20 11:00:00,NA
2017-08-20 12:00:00,NA
2017-08-20 13:00:00,NA
2017-08-20 14:00:00,NA
2017-08-20 15:00:00,NA
2017-08-20 16:00:00,NA
2017-08-20 17:00:00,NA
2017-08-20 18:00:00,NA
2017-08-20 19:00:00,NA
2017-08-20 20:00:00,NA
2017-08-20 21:00:00,NA
2017-08-20 22:00:00,NA
2017-08-20 23:00:00,NA
2017-08-21,NA
2017-08-21 01:00:00,NA
2017-08-21 02:00:00,NA
2017-08-21 03:00:00,NA
2017-08-21 04:00:00,NA
2017-08-21 05:00:00,NA
2017-08-21 06:00:00,NA
2017-08-21 07:00:00,NA
2017-08-21 08:00:00,NA
2017-08-21 09:00:00,NA
2017-08-21 10:00:00,NA
2017-08-21 11:00:00,NA
2017-08-21 12:00:00,NA
2017-08-21 13:00:00,NA
2017-08-21 14:00:00,NA
2017-08-21 15:00:00,NA
2017-08-21 16:00:00,NA
2017-08-21 17:00:00,NA
2017-08-21 18:00:00,NA
2017-08-21 19:00:00,NA
2017-08-21 20:00:00,NA
2017-08-21 21:00:00,NA
2017-08-21 22:00:00,NA
2017-08-21 23:00:00,NA
2017-08-22,NA
2017-08-22 01:00:00,NA
2017-08-22 02:00:00,NA
2017-08-22 03:00:00,NA
2017-08-22 04:00:00,NA
2017-08-22 05:00:00,NA
2017-08-22 06:00:00,NA
2017-08-22 07:00:00,NA
2017-08-22 08:00:00,NA
2017-08-22 09:00:00,NA
2017-08-22 10:00:00,NA
2017-08-22 11:00:00,NA
2017-08-22 12:00:00,NA
2017-08-22 13:00:00,NA
2017-08-22 14:00:00,NA
2017-08-22 15:00:00,NA
2017-08-22 16:00:00,NA
2017-08-22 17:00:00,NA
2017-08-22 18:00:00,NA
2017-08-22 19:00:00,NA
2017-08-22 20:00:00,NA
2017-08-22 21:00:00,NA
2017-08-22 22:00:00,NA
2017-08-22 23:00:00,NA
2017-08-23,NA
2017-08-23 01:00:00,NA
2017-08-23 02:00:00,NA
2017-08-23 03:00:00,NA
2017-08-23 04:00:00,NA
2017-08-23 05:00:00,NA
2017-08-23 06:00:00,NA
2017-08-23 07:00:00,NA
2017-08-23 08:00:00,NA
2017-08-23 09:00:00,NA
2017-08-23 10:00:00,NA
2017-08-23 11:00:00,NA
2017-08-23 12:00:00,NA
2017-08-23 13:00:00,NA
2017-08-23 14:00:00,NA
2017-08-23 15:00:00,NA
2017-08-23 16:00:00,NA
2017-08-23 17:00:00,NA
2017-08-23 18:00:00,NA
2017-08-23 19:00:00,NA
2017-08-23 20:00:00,NA
2017-08-23 21:00:00,NA
2017-08-23 22:00:00,NA
2017-08-23 23:00:00,NA
2017-08-24,NA
2017-08-24 01:00:00,NA
2017-08-24 02:00:00,NA
2017-08-24 03:00:00,NA
2017-08-24 04:00:00,NA
2017-08-24 05:00:00,NA
2017-08-24 06:00:00,NA
2017-08-24 07:00:00,NA
2017-08-24 08:00:00,NA
2017-08-24 09:00:00,NA
2017-08-24 10:00:00,NA
2017-08-24 11:00:00,NA
2017-08-24 12:00:00,NA
2017-08-24 13:00:00,NA
2017-08-24 14:00:00,NA
2017-08-24 15:00:00,NA
2017-08-24 16:00:00,NA
2017-08-24 17:00:00,NA
2017-08-24 18:00:00,NA
2017-08-24 19:00:00,NA
2017-08-24 20:00:00,NA
2017-08-24 21:00:00,NA
2017-08-24 22:00:00,NA
2017-08-24 23:00:00,NA
2017-08-25,NA
2017-08-25 01:00:00,NA
2017-08-25 02:00:00,NA
2017-08-25 03:00:00,NA
2017-08-25 04:00:00,NA
2017-08-25 05:00:00,NA
2017-08-25 06:00:00,NA
2017-08-25 07:00:00,NA
2017-08-25 08:00:00,NA
2017-08-25 09:00:00,NA
2017-08-25 10:00:00,NA
2017-08-25 11:00:00,NA
2017-08-25 12:00:00,NA
2017-08-25 13:00:00,NA
2017-08-25 14:00:00,NA
2017-08-25 15:00:00,NA
2017-08-25 16:00:00,NA
2017-08-25 17:00:00,NA
2017-08-25 18:00:00,NA
2017-08-25 19:00:00,NA
2017-08-25 20:00:00,NA
2017-08-25 21:00:00,NA
2017-08-25 22:00:00,NA
2017-08-25 23:00:00,NA
2017-08-26,NA
2017-08-26 01:00:00,NA
2017-08-26 02:00:00,NA
2017-08-26 03:00:00,NA
2017-08-26 04:00:00,NA
2017-08-26 05:00:00,NA
2017-08-26 06:00:00,NA
2017-08-26 07:00:00,NA
2017-08-26 08:00:00,NA
2017-08-26 09:00:00,NA
2017-08-26 10:00:00,NA
2017-08-26 11:00:00,NA
2017-08-26 12:00:00,NA
2017-08-26 13:00:00,NA
2017-08-26 14:00:00,NA
2017-08-26 15:00:00,NA
2017-08-26 16:00:00,NA
2017-08-26 17:00:00,NA
2017-08-26 18:00:00,NA
2017-08-26 19:00:00,NA
2017-08-26 20:00:00,NA
2017-08-26 21:00:00,NA
2017-08-26 22:00:00,NA
2017-08-26 23:00:00,NA
2017-08-27,NA
2017-08-27 01:00:00,NA
2017-08-27 02:00:00,NA
2017-08-27 03:00:00,NA
2017-08-27 04:00:00,NA
2017-08-27 05:00:00,NA
2017-08-27 06:00:00,NA
2017-08-27 07:00:00,NA
2017-08-27 08:00:00,NA
2017-08-27 09:00:00,NA
2017-08-27 10:00:00,NA
2017-08-27 11:00:00,NA
2017-08-27 12:00:00,NA
2017-08-27 13:00:00,NA
2017-08-27 14:00:00,NA
2017-08-27 15:00:00,NA
2017-08-27 16:00:00,NA
2017-08-27 17:00:00,NA
2017-08-27 18:00:00,NA
2017-08-27 19:00:00,NA
2017-08-27 20:00:00,NA
2017-08-27 21:00:00,NA
2017-08-27 22:00:00,NA
2017-08-27 23:00:00,NA
2017-08-28,NA
2017-08-28 01:00:00,NA
2017-08-28 02:00:00,NA
2017-08-28 03:00:00,NA
2017-08-28 04:00:00,NA
2017-08-28 05:00:00,NA
2017-08-28 06:00:00,NA
2017-08-28 07:00:00,NA
2017-08-28 08:00:00,NA
2017-08-28 09:00:00,NA
2017-08-28 10:00:00,NA
2017-08-28 11:00:00,NA
2017-08-28 12:00:00,NA
2017-08-28 13:00:00,NA
2017-08-28 14:00:00,NA
2017-08-28 15:00:00,NA
2017-08-28 16:00:00,NA
2017-08-28 17:00:00,NA
2017-08-28 18:00:00,NA
2017-08-28 19:00:00,NA
2017-08-28 20:00:00,NA
2017-08-28 21:00:00,NA
2017-08-28 22:00:00,NA
2017-08-28 23:00:00,NA
2017-08-29,NA
2017-08-29 01:00:00,NA
2017-08-29 02:00:00,NA
2017-08-29 03:00:00,NA
2017-08-29 04:00:00,NA
2017-08-29 05:00:00,NA
2017-08-29 06:00:00,NA
2017-08-29 07:00:00,NA
2017-08-29 08:00:00,NA
2017-08-29 09:00:00,NA
2017-08-29 10:00:00,NA
2017-08-29 11:00:00,NA
2017-08-29 12:00:00,NA
2017-08-29 13:00:00,NA
2017-08-29 14:00:00,NA
2017-08-29 15:00:00,NA
2017-08-29 16:00:00,NA
2017-08-29 17:00:00,NA
2017-08-29 18:00:00,0.00477429991587996
2017-08-29 19:00:00,NA
2017-08-29 20:00:00,NA
2017-08-29 21:00:00,NA
2017-08-29 22:00:00,NA
2017-08-29 23:00:00,NA
2017-08-30,NA
2017-08-30 01:00:00,NA
2017-08-30 02:00:00,NA
2017-08-30 03:00:00,NA
2017-08-30 04:00:00,NA
2017-08-30 05:00:00,NA
2017-08-30 06:00:00,NA
2017-08-30 07:00:00,NA
2017-08-30 08:00:00,NA
2017-08-30 09:00:00,NA
2017-08-30 10:00:00,NA
2017-08-30 11:00:00,NA
2017-08-30 12:00:00,NA
2017-08-30 13:00:00,NA
2017-08-30 14:00:00,NA
2017-08-30 15:00:00,NA
2017-08-30 16:00:00,NA
2017-08-30 17:00:00,NA
2017-08-30 18:00:00,NA
2017-08-30 19:00:00,NA
2017-08-30 20:00:00,NA
2017-08-30 21:00:00,NA
2017-08-30 22:00:00,NA
2017-08-30 23:00:00,NA
2017-08-31,NA
2017-08-31 01:00:00,NA
2017-08-31 02:00:00,NA
2017-08-31 03:00:00,NA
2017-08-31 04:00:00,NA
2017-08-31 05:00:00,NA
2017-08-31 06:00:00,NA
2017-08-31 07:00:00,NA
2017-08-31 08:00:00,NA
2017-08-31 09:00:00,NA
2017-08-31 10:00:00,NA
2017-08-31 11:00:00,NA
2017-08-31 12:00:00,NA
2017-08-31 13:00:00,NA
2017-08-31 14:00:00,NA
2017-08-31 15:00:00,NA
2017-08-31 16:00:00,NA
2017-08-31 17:00:00,NA
2017-08-31 18:00:00,NA
2017-08-31 19:00:00,NA
2017-08-31 20:00:00,NA
2017-08-31 21:00:00,NA
2017-08-31 22:00:00,NA
2017-08-31 23:00:00,NA
2017-09-01,NA
2017-09-01 01:00:00,NA
2017-09-01 02:00:00,NA
2017-09-01 03:00:00,NA
2017-09-01 04:00:00,NA
2017-09-01 05:00:00,NA
2017-09-01 06:00:00,NA
2017-09-01 07:00:00,NA
2017-09-01 08:00:00,NA
2017-09-01 09:00:00,NA
2017-09-01 10:00:00,NA
2017-09-01 11:00:00,NA
2017-09-01 12:00:00,NA
2017-09-01 13:00:00,NA
2017-09-01 14:00:00,0.00581349991261959
2017-09-01 15:00:00,NA
2017-09-01 16:00:00,NA
2017-09-01 17:00:00,NA
2017-09-01 18:00:00,NA
2017-09-01 19:00:00,NA
2017-09-01 20:00:00,NA
2017-09-01 21:00:00,NA
2017-09-01 22:00:00,NA
2017-09-01 23:00:00,NA
2017-09-02,NA
2017-09-02 01:00:00,NA
2017-09-02 02:00:00,NA
2017-09-02 03:00:00,NA
2017-09-02 04:00:00,NA
2017-09-02 05:00:00,NA
2017-09-02 06:00:00,NA
2017-09-02 07:00:00,NA
2017-09-02 08:00:00,NA
2017-09-02 09:00:00,0.00459389993920922
2017-09-02 10:00:00,NA
2017-09-02 11:00:00,NA
2017-09-02 12:00:00,NA
2017-09-02 13:00:00,NA
2017-09-02 14:00:00,NA
2017-09-02 15:00:00,NA
2017-09-02 16:00:00,NA
2017-09-02 17:00:00,NA
2017-09-02 18:00:00,NA
2017-09-02 19:00:00,NA
2017-09-02 20:00:00,NA
2017-09-02 21:00:00,NA
2017-09-02 22:00:00,NA
2017-09-02 23:00:00,NA
2017-09-03,NA
2017-09-03 01:00:00,NA
2017-09-03 02:00:00,NA
2017-09-03 03:00:00,NA
2017-09-03 04:00:00,NA
2017-09-03 05:00:00,NA
2017-09-03 06:00:00,NA
2017-09-03 07:00:00,NA
2017-09-03 08:00:00,NA
2017-09-03 09:00:00,0.00452250009402632
2017-09-03 10:00:00,NA
2017-09-03 11:00:00,NA
2017-09-03 12:00:00,NA
2017-09-03 13:00:00,NA
2017-09-03 14:00:00,NA
2017-09-03 15:00:00,NA
2017-09-03 16:00:00,NA
2017-09-03 17:00:00,NA
2017-09-03 18:00:00,NA
2017-09-03 19:00:00,NA
2017-09-03 20:00:00,NA
2017-09-03 21:00:00,NA
2017-09-03 22:00:00,NA
2017-09-03 23:00:00,NA
2017-09-04,NA
2017-09-04 01:00:00,NA
2017-09-04 02:00:00,NA
2017-09-04 03:00:00,NA
2017-09-04 04:00:00,NA
2017-09-04 05:00:00,NA
2017-09-04 06:00:00,NA
2017-09-04 07:00:00,NA
2017-09-04 08:00:00,NA
2017-09-04 09:00:00,NA
2017-09-04 10:00:00,NA
2017-09-04 11:00:00,NA
2017-09-04 12:00:00,NA
2017-09-04 13:00:00,NA
2017-09-04 14:00:00,NA
2017-09-04 15:00:00,NA
2017-09-04 16:00:00,NA
2017-09-04 17:00:00,NA
2017-09-04 18:00:00,NA
2017-09-04 19:00:00,NA
2017-09-04 20:00:00,NA
2017-09-04 21:00:00,NA
2017-09-04 22:00:00,NA
2017-09-04 23:00:00,NA
2017-09-05,NA
2017-09-05 01:00:00,NA
2017-09-05 02:00:00,NA
2017-09-05 03:00:00,NA
2017-09-05 04:00:00,NA
2017-09-05 05:00:00,NA
2017-09-05 06:00:00,NA
2017-09-05 07:00:00,NA
2017-09-05 08:00:00,NA
2017-09-05 09:00:00,NA
2017-09-05 10:00:00,NA
2017-09-05 11:00:00,NA
2017-09-05 12:00:00,NA
2017-09-05 13:00:00,NA
2017-09-05 14:00:00,NA
2017-09-05 15:00:00,NA
2017-09-05 16:00:00,0.00576710002496838
2017-09-05 17:00:00,NA
2017-09-05 18:00:00,NA
2017-09-05 19:00:00,NA
2017-09-05 20:00:00,0.00672420021146535
2017-09-05 21:00:00,NA
2017-09-05 22:00:00,NA
2017-09-05 23:00:00,NA
2017-09-06,NA
2017-09-06 01:00:00,NA
2017-09-06 02:00:00,NA
2017-09-06 03:00:00,NA
2017-09-06 04:00:00,NA
2017-09-06 05:00:00,NA
2017-09-06 06:00:00,NA
2017-09-06 07:00:00,NA
2017-09-06 08:00:00,NA
2017-09-06 09:00:00,NA
2017-09-06 10:00:00,NA
2017-09-06 11:00:00,NA
2017-09-06 12:00:00,NA
2017-09-06 13:00:00,NA
2017-09-06 14:00:00,NA
2017-09-06 15:00:00,NA
2017-09-06 16:00:00,NA
2017-09-06 17:00:00,NA
2017-09-06 18:00:00,NA
2017-09-06 19:00:00,NA
2017-09-06 20:00:00,NA
2017-09-06 21:00:00,NA
2017-09-06 22:00:00,NA
2017-09-06 23:00:00,NA
2017-09-07,NA
2017-09-07 01:00:00,NA
2017-09-07 02:00:00,NA
2017-09-07 03:00:00,NA
2017-09-07 04:00:00,NA
2017-09-07 05:00:00,NA
2017-09-07 06:00:00,NA
2017-09-07 07:00:00,NA
2017-09-07 08:00:00,NA
2017-09-07 09:00:00,NA
2017-09-07 10:00:00,NA
2017-09-07 11:00:00,NA
2017-09-07 12:00:00,NA
2017-09-07 13:00:00,NA
2017-09-07 14:00:00,NA
2017-09-07 15:00:00,NA
2017-09-07 16:00:00,NA
2017-09-07 17:00:00,NA
2017-09-07 18:00:00,NA
2017-09-07 19:00:00,NA
2017-09-07 20:00:00,NA
2017-09-07 21:00:00,NA
2017-09-07 22:00:00,NA
2017-09-07 23:00:00,NA
2017-09-08,NA
2017-09-08 01:00:00,NA
2017-09-08 02:00:00,NA
2017-09-08 03:00:00,NA
2017-09-08 04:00:00,NA
2017-09-08 05:00:00,NA
2017-09-08 06:00:00,NA
2017-09-08 07:00:00,NA
2017-09-08 08:00:00,NA
2017-09-08 09:00:00,NA
2017-09-08 10:00:00,NA
2017-09-08 11:00:00,NA
2017-09-08 12:00:00,NA
2017-09-08 13:00:00,NA
2017-09-08 14:00:00,NA
2017-09-08 15:00:00,NA
2017-09-08 16:00:00,NA
2017-09-08 17:00:00,NA
2017-09-08 18:00:00,NA
2017-09-08 19:00:00,NA
2017-09-08 20:00:00,NA
2017-09-08 21:00:00,NA
2017-09-08 22:00:00,NA
2017-09-08 23:00:00,NA
2017-09-09,NA
2017-09-09 01:00:00,NA
2017-09-09 02:00:00,NA
2017-09-09 03:00:00,NA
2017-09-09 04:00:00,NA
2017-09-09 05:00:00,NA
2017-09-09 06:00:00,NA
2017-09-09 07:00:00,NA
2017-09-09 08:00:00,NA
2017-09-09 09:00:00,NA
2017-09-09 10:00:00,NA
2017-09-09 11:00:00,NA
2017-09-09 12:00:00,NA
2017-09-09 13:00:00,NA
2017-09-09 14:00:00,NA
2017-09-09 15:00:00,NA
2017-09-09 16:00:00,NA
2017-09-09 17:00:00,NA
2017-09-09 18:00:00,NA
2017-09-09 19:00:00,NA
2017-09-09 20:00:00,NA
2017-09-09 21:00:00,NA
2017-09-09 22:00:00,NA
2017-09-09 23:00:00,NA
2017-09-10,NA
2017-09-10 01:00:00,NA
2017-09-10 02:00:00,NA
2017-09-10 03:00:00,NA
2017-09-10 04:00:00,NA
2017-09-10 05:00:00,NA
2017-09-10 06:00:00,NA
2017-09-10 07:00:00,NA
2017-09-10 08:00:00,NA
2017-09-10 09:00:00,NA
2017-09-10 10:00:00,NA
2017-09-10 11:00:00,NA
2017-09-10 12:00:00,NA
2017-09-10 13:00:00,NA
2017-09-10 14:00:00,NA
2017-09-10 15:00:00,NA
2017-09-10 16:00:00,NA
2017-09-10 17:00:00,NA
2017-09-10 18:00:00,NA
2017-09-10 19:00:00,NA
2017-09-10 20:00:00,NA
2017-09-10 21:00:00,NA
2017-09-10 22:00:00,NA
2017-09-10 23:00:00,NA
2017-09-11,NA
2017-09-11 01:00:00,NA
2017-09-11 02:00:00,NA
2017-09-11 03:00:00,NA
2017-09-11 04:00:00,NA
2017-09-11 05:00:00,NA
2017-09-11 06:00:00,NA
2017-09-11 07:00:00,NA
2017-09-11 08:00:00,NA
2017-09-11 09:00:00,NA
2017-09-11 10:00:00,NA
2017-09-11 11:00:00,NA
2017-09-11 12:00:00,NA
2017-09-11 13:00:00,NA
2017-09-11 14:00:00,NA
2017-09-11 15:00:00,NA
2017-09-11 16:00:00,NA
2017-09-11 17:00:00,NA
2017-09-11 18:00:00,NA
2017-09-11 19:00:00,NA
2017-09-11 20:00:00,NA
2017-09-11 21:00:00,NA
2017-09-11 22:00:00,NA
2017-09-11 23:00:00,NA
2017-09-12,NA
2017-09-12 01:00:00,NA
2017-09-12 02:00:00,NA
2017-09-12 03:00:00,NA
2017-09-12 04:00:00,NA
2017-09-12 05:00:00,NA
2017-09-12 06:00:00,NA
2017-09-12 07:00:00,NA
2017-09-12 08:00:00,NA
2017-09-12 09:00:00,NA
2017-09-12 10:00:00,NA
2017-09-12 11:00:00,NA
2017-09-12 12:00:00,NA
2017-09-12 13:00:00,NA
2017-09-12 14:00:00,NA
2017-09-12 15:00:00,NA
2017-09-12 16:00:00,NA
2017-09-12 17:00:00,NA
2017-09-12 18:00:00,NA
2017-09-12 19:00:00,NA
2017-09-12 20:00:00,NA
2017-09-12 21:00:00,NA
2017-09-12 22:00:00,NA
2017-09-12 23:00:00,NA
2017-09-13,NA
2017-09-13 01:00:00,NA
2017-09-13 02:00:00,NA
2017-09-13 03:00:00,NA
2017-09-13 04:00:00,NA
2017-09-13 05:00:00,NA
2017-09-13 06:00:00,NA
2017-09-13 07:00:00,NA
2017-09-13 08:00:00,NA
2017-09-13 09:00:00,NA
2017-09-13 10:00:00,NA
2017-09-13 11:00:00,NA
2017-09-13 12:00:00,NA
2017-09-13 13:00:00,NA
2017-09-13 14:00:00,NA
2017-09-13 15:00:00,NA
2017-09-13 16:00:00,NA
2017-09-13 17:00:00,NA
2017-09-13 18:00:00,NA
2017-09-13 19:00:00,NA
2017-09-13 20:00:00,NA
2017-09-13 21:00:00,NA
2017-09-13 22:00:00,NA
2017-09-13 23:00:00,NA
2017-09-14,NA
2017-09-14 01:00:00,NA
2017-09-14 02:00:00,NA
2017-09-14 03:00:00,NA
2017-09-14 04:00:00,NA
2017-09-14 05:00:00,NA
2017-09-14 06:00:00,NA
2017-09-14 07:00:00,NA
2017-09-14 08:00:00,NA
2017-09-14 09:00:00,NA
2017-09-14 10:00:00,NA
2017-09-14 11:00:00,NA
2017-09-14 12:00:00,NA
2017-09-14 13:00:00,NA
2017-09-14 14:00:00,NA
2017-09-14 15:00:00,NA
2017-09-14 16:00:00,NA
2017-09-14 17:00:00,NA
2017-09-14 18:00:00,NA
2017-09-14 19:00:00,NA
2017-09-14 20:00:00,NA
2017-09-14 21:00:00,NA
2017-09-14 22:00:00,NA
2017-09-14 23:00:00,NA
2017-09-15,NA
2017-09-15 01:00:00,NA
2017-09-15 02:00:00,NA
2017-09-15 03:00:00,NA
2017-09-15 04:00:00,NA
2017-09-15 05:00:00,NA
2017-09-15 06:00:00,NA
2017-09-15 07:00:00,NA
2017-09-15 08:00:00,NA
2017-09-15 09:00:00,NA
2017-09-15 10:00:00,NA
2017-09-15 11:00:00,NA
2017-09-15 12:00:00,NA
2017-09-15 13:00:00,NA
2017-09-15 14:00:00,NA
2017-09-15 15:00:00,NA
2017-09-15 16:00:00,NA
2017-09-15 17:00:00,NA
2017-09-15 18:00:00,NA
2017-09-15 19:00:00,NA
2017-09-15 20:00:00,NA
2017-09-15 21:00:00,NA
2017-09-15 22:00:00,NA
2017-09-15 23:00:00,NA
2017-09-16,NA
2017-09-16 01:00:00,NA
2017-09-16 02:00:00,NA
2017-09-16 03:00:00,NA
2017-09-16 04:00:00,NA
2017-09-16 05:00:00,NA
2017-09-16 06:00:00,NA
2017-09-16 07:00:00,NA
2017-09-16 08:00:00,NA
2017-09-16 09:00:00,NA
2017-09-16 10:00:00,0.00471090013161301
2017-09-16 11:00:00,NA
2017-09-16 12:00:00,NA
2017-09-16 13:00:00,NA
2017-09-16 14:00:00,NA
2017-09-16 15:00:00,NA
2017-09-16 16:00:00,NA
2017-09-16 17:00:00,NA
2017-09-16 18:00:00,NA
2017-09-16 19:00:00,0.00431919982656836
2017-09-16 20:00:00,NA
2017-09-16 21:00:00,NA
2017-09-16 22:00:00,NA
2017-09-16 23:00:00,0.00395470019429922
2017-09-17,NA
2017-09-17 01:00:00,NA
2017-09-17 02:00:00,NA
2017-09-17 03:00:00,NA
2017-09-17 04:00:00,NA
2017-09-17 05:00:00,NA
2017-09-17 06:00:00,NA
2017-09-17 07:00:00,NA
2017-09-17 08:00:00,NA
2017-09-17 09:00:00,NA
2017-09-17 10:00:00,NA
2017-09-17 11:00:00,NA
2017-09-17 12:00:00,NA
2017-09-17 13:00:00,NA
2017-09-17 14:00:00,NA
2017-09-17 15:00:00,NA
2017-09-17 16:00:00,NA
2017-09-17 17:00:00,NA
2017-09-17 18:00:00,NA
2017-09-17 19:00:00,NA
2017-09-17 20:00:00,NA
2017-09-17 21:00:00,NA
2017-09-17 22:00:00,NA
2017-09-17 23:00:00,NA
2017-09-18,NA
2017-09-18 01:00:00,NA
2017-09-18 02:00:00,NA
2017-09-18 03:00:00,NA
2017-09-18 04:00:00,NA
2017-09-18 05:00:00,NA
2017-09-18 06:00:00,NA
2017-09-18 07:00:00,NA
2017-09-18 08:00:00,NA
2017-09-18 09:00:00,NA
2017-09-18 10:00:00,NA
2017-09-18 11:00:00,NA
2017-09-18 12:00:00,NA
2017-09-18 13:00:00,NA
2017-09-18 14:00:00,NA
2017-09-18 15:00:00,NA
2017-09-18 16:00:00,NA
2017-09-18 17:00:00,NA
2017-09-18 18:00:00,NA
2017-09-18 19:00:00,NA
2017-09-18 20:00:00,NA
2017-09-18 21:00:00,NA
2017-09-18 22:00:00,NA
2017-09-18 23:00:00,NA
2017-09-19,NA
2017-09-19 01:00:00,NA
2017-09-19 02:00:00,NA
2017-09-19 03:00:00,NA
2017-09-19 04:00:00,NA
2017-09-19 05:00:00,NA
2017-09-19 06:00:00,NA
2017-09-19 07:00:00,NA
2017-09-19 08:00:00,NA
2017-09-19 09:00:00,NA
2017-09-19 10:00:00,NA
2017-09-19 11:00:00,NA
2017-09-19 12:00:00,NA
2017-09-19 13:00:00,NA
2017-09-19 14:00:00,NA
2017-09-19 15:00:00,NA
2017-09-19 16:00:00,NA
2017-09-19 17:00:00,NA
2017-09-19 18:00:00,NA
2017-09-19 19:00:00,NA
2017-09-19 20:00:00,NA
2017-09-19 21:00:00,NA
2017-09-19 22:00:00,NA
2017-09-19 23:00:00,NA
2017-09-20,NA
2017-09-20 01:00:00,NA
2017-09-20 02:00:00,NA
2017-09-20 03:00:00,NA
2017-09-20 04:00:00,NA
2017-09-20 05:00:00,NA
2017-09-20 06:00:00,NA
2017-09-20 07:00:00,NA
2017-09-20 08:00:00,NA
2017-09-20 09:00:00,NA
2017-09-20 10:00:00,NA
2017-09-20 11:00:00,NA
2017-09-20 12:00:00,NA
2017-09-20 13:00:00,NA
2017-09-20 14:00:00,NA
2017-09-20 15:00:00,NA
2017-09-20 16:00:00,NA
2017-09-20 17:00:00,NA
2017-09-20 18:00:00,NA
2017-09-20 19:00:00,NA
2017-09-20 20:00:00,NA
2017-09-20 21:00:00,NA
2017-09-20 22:00:00,NA
2017-09-20 23:00:00,NA
2017-09-21,NA
2017-09-21 01:00:00,NA
2017-09-21 02:00:00,NA
2017-09-21 03:00:00,NA
2017-09-21 04:00:00,NA
2017-09-21 05:00:00,NA
2017-09-21 06:00:00,NA
2017-09-21 07:00:00,NA
2017-09-21 08:00:00,NA
2017-09-21 09:00:00,NA
2017-09-21 10:00:00,NA
2017-09-21 11:00:00,NA
2017-09-21 12:00:00,NA
2017-09-21 13:00:00,NA
2017-09-21 14:00:00,NA
2017-09-21 15:00:00,NA
2017-09-21 16:00:00,NA
2017-09-21 17:00:00,NA
2017-09-21 18:00:00,NA
2017-09-21 19:00:00,NA
2017-09-21 20:00:00,NA
2017-09-21 21:00:00,NA
2017-09-21 22:00:00,NA
2017-09-21 23:00:00,NA
2017-09-22,NA
2017-09-22 01:00:00,NA
2017-09-22 02:00:00,NA
2017-09-22 03:00:00,NA
2017-09-22 04:00:00,NA
2017-09-22 05:00:00,NA
2017-09-22 06:00:00,NA
2017-09-22 07:00:00,NA
2017-09-22 08:00:00,NA
2017-09-22 09:00:00,NA
2017-09-22 10:00:00,NA
2017-09-22 11:00:00,NA
2017-09-22 12:00:00,NA
2017-09-22 13:00:00,NA
2017-09-22 14:00:00,NA
2017-09-22 15:00:00,NA
2017-09-22 16:00:00,NA
2017-09-22 17:00:00,NA
2017-09-22 18:00:00,NA
2017-09-22 19:00:00,NA
2017-09-22 20:00:00,NA
2017-09-22 21:00:00,NA
2017-09-22 22:00:00,NA
2017-09-22 23:00:00,NA
2017-09-23,NA
2017-09-23 01:00:00,NA
2017-09-23 02:00:00,NA
2017-09-23 03:00:00,NA
2017-09-23 04:00:00,NA
2017-09-23 05:00:00,NA
2017-09-23 06:00:00,NA
2017-09-23 07:00:00,NA
2017-09-23 08:00:00,NA
2017-09-23 09:00:00,NA
2017-09-23 10:00:00,NA
2017-09-23 11:00:00,NA
2017-09-23 12:00:00,NA
2017-09-23 13:00:00,NA
2017-09-23 14:00:00,NA
2017-09-23 15:00:00,NA
2017-09-23 16:00:00,NA
2017-09-23 17:00:00,NA
2017-09-23 18:00:00,NA
2017-09-23 19:00:00,NA
2017-09-23 20:00:00,NA
2017-09-23 21:00:00,NA
2017-09-23 22:00:00,NA
2017-09-23 23:00:00,NA
2017-09-24,NA
2017-09-24 01:00:00,NA
2017-09-24 02:00:00,NA
2017-09-24 03:00:00,NA
2017-09-24 04:00:00,NA
2017-09-24 05:00:00,NA
2017-09-24 06:00:00,NA
2017-09-24 07:00:00,NA
2017-09-24 08:00:00,NA
2017-09-24 09:00:00,NA
2017-09-24 10:00:00,NA
2017-09-24 11:00:00,NA
2017-09-24 12:00:00,NA
2017-09-24 13:00:00,NA
2017-09-24 14:00:00,NA
2017-09-24 15:00:00,NA
2017-09-24 16:00:00,NA
2017-09-24 17:00:00,NA
2017-09-24 18:00:00,NA
2017-09-24 19:00:00,NA
2017-09-24 20:00:00,NA
2017-09-24 21:00:00,NA
2017-09-24 22:00:00,NA
2017-09-24 23:00:00,NA
2017-09-25,NA
2017-09-25 01:00:00,NA
2017-09-25 02:00:00,NA
2017-09-25 03:00:00,NA
2017-09-25 04:00:00,NA
2017-09-25 05:00:00,NA
2017-09-25 06:00:00,NA
2017-09-25 07:00:00,NA
2017-09-25 08:00:00,NA
2017-09-25 09:00:00,NA
2017-09-25 10:00:00,NA
2017-09-25 11:00:00,NA
2017-09-25 12:00:00,NA
2017-09-25 13:00:00,NA
2017-09-25 14:00:00,NA
2017-09-25 15:00:00,NA
2017-09-25 16:00:00,NA
2017-09-25 17:00:00,NA
2017-09-25 18:00:00,NA
2017-09-25 19:00:00,NA
2017-09-25 20:00:00,NA
2017-09-25 21:00:00,NA
2017-09-25 22:00:00,NA
2017-09-25 23:00:00,NA
2017-09-26,NA
2017-09-26 01:00:00,NA
2017-09-26 02:00:00,NA
2017-09-26 03:00:00,NA
2017-09-26 04:00:00,NA
2017-09-26 05:00:00,NA
2017-09-26 06:00:00,NA
2017-09-26 07:00:00,NA
2017-09-26 08:00:00,NA
2017-09-26 09:00:00,NA
2017-09-26 10:00:00,NA
2017-09-26 11:00:00,NA
2017-09-26 12:00:00,NA
2017-09-26 13:00:00,NA
2017-09-26 14:00:00,NA
2017-09-26 15:00:00,NA
2017-09-26 16:00:00,NA
2017-09-26 17:00:00,NA
2017-09-26 18:00:00,NA
2017-09-26 19:00:00,NA
2017-09-26 20:00:00,NA
2017-09-26 21:00:00,NA
2017-09-26 22:00:00,NA
2017-09-26 23:00:00,NA
2017-09-27,NA
2017-09-27 01:00:00,NA
2017-09-27 02:00:00,NA
2017-09-27 03:00:00,NA
2017-09-27 04:00:00,NA
2017-09-27 05:00:00,NA
2017-09-27 06:00:00,NA
2017-09-27 07:00:00,NA
2017-09-27 08:00:00,NA
2017-09-27 09:00:00,NA
2017-09-27 10:00:00,NA
2017-09-27 11:00:00,NA
2017-09-27 12:00:00,NA
2017-09-27 13:00:00,NA
2017-09-27 14:00:00,NA
2017-09-27 15:00:00,NA
2017-09-27 16:00:00,NA
2017-09-27 17:00:00,NA
2017-09-27 18:00:00,NA
2017-09-27 19:00:00,NA
2017-09-27 20:00:00,NA
2017-09-27 21:00:00,NA
2017-09-27 22:00:00,NA
2017-09-27 23:00:00,NA
2017-09-28,NA
2017-09-28 01:00:00,NA
2017-09-28 02:00:00,NA
2017-09-28 03:00:00,NA
2017-09-28 04:00:00,NA
2017-09-28 05:00:00,NA
2017-09-28 06:00:00,NA
2017-09-28 07:00:00,NA
2017-09-28 08:00:00,NA
2017-09-28 09:00:00,NA
2017-09-28 10:00:00,NA
2017-09-28 11:00:00,NA
2017-09-28 12:00:00,NA
2017-09-28 13:00:00,NA
2017-09-28 14:00:00,NA
2017-09-28 15:00:00,NA
2017-09-28 16:00:00,NA
2017-09-28 17:00:00,NA
2017-09-28 18:00:00,NA
2017-09-28 19:00:00,NA
2017-09-28 20:00:00,NA
2017-09-28 21:00:00,NA
2017-09-28 22:00:00,NA
2017-09-28 23:00:00,NA
2017-09-29,NA
2017-09-29 01:00:00,NA
2017-09-29 02:00:00,NA
2017-09-29 03:00:00,NA
2017-09-29 04:00:00,NA
2017-09-29 05:00:00,NA
2017-09-29 06:00:00,NA
2017-09-29 07:00:00,NA
2017-09-29 08:00:00,NA
2017-09-29 09:00:00,NA
2017-09-29 10:00:00,NA
2017-09-29 11:00:00,NA
2017-09-29 12:00:00,NA
2017-09-29 13:00:00,NA
2017-09-29 14:00:00,NA
2017-09-29 15:00:00,NA
2017-09-29 16:00:00,NA
2017-09-29 17:00:00,NA
2017-09-29 18:00:00,NA
2017-09-29 19:00:00,NA
2017-09-29 20:00:00,NA
2017-09-29 21:00:00,NA
2017-09-29 22:00:00,NA
2017-09-29 23:00:00,NA
2017-09-30,NA
2017-09-30 01:00:00,NA
2017-09-30 02:00:00,NA
2017-09-30 03:00:00,NA
2017-09-30 04:00:00,NA
2017-09-30 05:00:00,NA
2017-09-30 06:00:00,NA
2017-09-30 07:00:00,NA
2017-09-30 08:00:00,NA
2017-09-30 09:00:00,NA
2017-09-30 10:00:00,NA
2017-09-30 11:00:00,NA
2017-09-30 12:00:00,NA
2017-09-30 13:00:00,NA
2017-09-30 14:00:00,NA
2017-09-30 15:00:00,NA
2017-09-30 16:00:00,NA
2017-09-30 17:00:00,NA
2017-09-30 18:00:00,NA
2017-09-30 19:00:00,NA
2017-09-30 20:00:00,NA
2017-09-30 21:00:00,NA
2017-09-30 22:00:00,NA
2017-09-30 23:00:00,NA
2017-10-01,NA
2017-10-01 01:00:00,NA
2017-10-01 02:00:00,NA
2017-10-01 03:00:00,NA
2017-10-01 04:00:00,NA
2017-10-01 05:00:00,NA
2017-10-01 06:00:00,NA
2017-10-01 07:00:00,NA
2017-10-01 08:00:00,NA
2017-10-01 09:00:00,NA
2017-10-01 10:00:00,NA
2017-10-01 11:00:00,NA
2017-10-01 12:00:00,NA
2017-10-01 13:00:00,NA
2017-10-01 14:00:00,NA
2017-10-01 15:00:00,NA
2017-10-01 16:00:00,NA
2017-10-01 17:00:00,NA
2017-10-01 18:00:00,NA
2017-10-01 19:00:00,NA
2017-10-01 20:00:00,NA
2017-10-01 21:00:00,NA
2017-10-01 22:00:00,NA
2017-10-01 23:00:00,NA
2017-10-02,NA
2017-10-02 01:00:00,NA
2017-10-02 02:00:00,NA
2017-10-02 03:00:00,NA
2017-10-02 04:00:00,NA
2017-10-02 05:00:00,NA
2017-10-02 06:00:00,NA
2017-10-02 07:00:00,NA
2017-10-02 08:00:00,NA
2017-10-02 09:00:00,NA
2017-10-02 10:00:00,NA
2017-10-02 11:00:00,NA
2017-10-02 12:00:00,NA
2017-10-02 13:00:00,NA
2017-10-02 14:00:00,NA
2017-10-02 15:00:00,NA
2017-10-02 16:00:00,NA
2017-10-02 17:00:00,NA
2017-10-02 18:00:00,0.0038838000036776
2017-10-02 19:00:00,NA
2017-10-02 20:00:00,NA
2017-10-02 21:00:00,NA
2017-10-02 22:00:00,NA
2017-10-02 23:00:00,NA
2017-10-03,NA
2017-10-03 01:00:00,NA
2017-10-03 02:00:00,NA
2017-10-03 03:00:00,NA
2017-10-03 04:00:00,NA
2017-10-03 05:00:00,NA
2017-10-03 06:00:00,NA
2017-10-03 07:00:00,NA
2017-10-03 08:00:00,NA
2017-10-03 09:00:00,NA
2017-10-03 10:00:00,NA
2017-10-03 11:00:00,NA
2017-10-03 12:00:00,NA
2017-10-03 13:00:00,NA
2017-10-03 14:00:00,NA
2017-10-03 15:00:00,NA
2017-10-03 16:00:00,NA
2017-10-03 17:00:00,NA
2017-10-03 18:00:00,NA
2017-10-03 19:00:00,NA
2017-10-03 20:00:00,NA
2017-10-03 21:00:00,NA
2017-10-03 22:00:00,NA
2017-10-03 23:00:00,NA
2017-10-04,NA
2017-10-04 01:00:00,NA
2017-10-04 02:00:00,NA
2017-10-04 03:00:00,NA
2017-10-04 04:00:00,NA
2017-10-04 05:00:00,NA
2017-10-04 06:00:00,NA
2017-10-04 07:00:00,NA
2017-10-04 08:00:00,NA
2017-10-04 09:00:00,NA
2017-10-04 10:00:00,NA
2017-10-04 11:00:00,NA
2017-10-04 12:00:00,NA
2017-10-04 13:00:00,NA
2017-10-04 14:00:00,NA
2017-10-04 15:00:00,NA
2017-10-04 16:00:00,NA
2017-10-04 17:00:00,NA
2017-10-04 18:00:00,NA
2017-10-04 19:00:00,NA
2017-10-04 20:00:00,NA
2017-10-04 21:00:00,NA
2017-10-04 22:00:00,NA
2017-10-04 23:00:00,NA
2017-10-05,NA
2017-10-05 01:00:00,NA
2017-10-05 02:00:00,NA
2017-10-05 03:00:00,NA
2017-10-05 04:00:00,NA
2017-10-05 05:00:00,NA
2017-10-05 06:00:00,NA
2017-10-05 07:00:00,NA
2017-10-05 08:00:00,NA
2017-10-05 09:00:00,0.00422789994627237
2017-10-05 10:00:00,NA
2017-10-05 11:00:00,NA
2017-10-05 12:00:00,NA
2017-10-05 13:00:00,NA
2017-10-05 14:00:00,NA
2017-10-05 15:00:00,NA
2017-10-05 16:00:00,NA
2017-10-05 17:00:00,NA
2017-10-05 18:00:00,NA
2017-10-05 19:00:00,NA
2017-10-05 20:00:00,NA
2017-10-05 21:00:00,NA
2017-10-05 22:00:00,NA
2017-10-05 23:00:00,NA
2017-10-06,NA
2017-10-06 01:00:00,NA
2017-10-06 02:00:00,NA
2017-10-06 03:00:00,NA
2017-10-06 04:00:00,NA
2017-10-06 05:00:00,NA
2017-10-06 06:00:00,NA
2017-10-06 07:00:00,NA
2017-10-06 08:00:00,NA
2017-10-06 09:00:00,NA
2017-10-06 10:00:00,NA
2017-10-06 11:00:00,NA
2017-10-06 12:00:00,NA
2017-10-06 13:00:00,NA
2017-10-06 14:00:00,NA
2017-10-06 15:00:00,NA
2017-10-06 16:00:00,NA
2017-10-06 17:00:00,NA
2017-10-06 18:00:00,NA
2017-10-06 19:00:00,NA
2017-10-06 20:00:00,NA
2017-10-06 21:00:00,NA
2017-10-06 22:00:00,NA
2017-10-06 23:00:00,NA
2017-10-07,NA
2017-10-07 01:00:00,NA
2017-10-07 02:00:00,NA
2017-10-07 03:00:00,NA
2017-10-07 04:00:00,NA
2017-10-07 05:00:00,NA
2017-10-07 06:00:00,NA
2017-10-07 07:00:00,NA
2017-10-07 08:00:00,NA
2017-10-07 09:00:00,NA
2017-10-07 10:00:00,NA
2017-10-07 11:00:00,NA
2017-10-07 12:00:00,NA
2017-10-07 13:00:00,NA
2017-10-07 14:00:00,NA
2017-10-07 15:00:00,NA
2017-10-07 16:00:00,NA
2017-10-07 17:00:00,NA
2017-10-07 18:00:00,NA
2017-10-07 19:00:00,NA
2017-10-07 20:00:00,NA
2017-10-07 21:00:00,NA
2017-10-07 22:00:00,NA
2017-10-07 23:00:00,NA
2017-10-08,NA
2017-10-08 01:00:00,NA
2017-10-08 02:00:00,NA
2017-10-08 03:00:00,NA
2017-10-08 04:00:00,NA
2017-10-08 05:00:00,NA
2017-10-08 06:00:00,NA
2017-10-08 07:00:00,NA
2017-10-08 08:00:00,NA
2017-10-08 09:00:00,NA
2017-10-08 10:00:00,NA
2017-10-08 11:00:00,NA
2017-10-08 12:00:00,NA
2017-10-08 13:00:00,NA
2017-10-08 14:00:00,NA
2017-10-08 15:00:00,NA
2017-10-08 16:00:00,NA
2017-10-08 17:00:00,NA
2017-10-08 18:00:00,NA
2017-10-08 19:00:00,NA
2017-10-08 20:00:00,NA
2017-10-08 21:00:00,NA
2017-10-08 22:00:00,NA
2017-10-08 23:00:00,NA
2017-10-09,NA
2017-10-09 01:00:00,NA
2017-10-09 02:00:00,NA
2017-10-09 03:00:00,NA
2017-10-09 04:00:00,NA
2017-10-09 05:00:00,NA
2017-10-09 06:00:00,NA
2017-10-09 07:00:00,NA
2017-10-09 08:00:00,NA
2017-10-09 09:00:00,NA
2017-10-09 10:00:00,NA
2017-10-09 11:00:00,NA
2017-10-09 12:00:00,NA
2017-10-09 13:00:00,NA
2017-10-09 14:00:00,NA
2017-10-09 15:00:00,NA
2017-10-09 16:00:00,NA
2017-10-09 17:00:00,NA
2017-10-09 18:00:00,NA
2017-10-09 19:00:00,NA
2017-10-09 20:00:00,NA
2017-10-09 21:00:00,NA
2017-10-09 22:00:00,NA
2017-10-09 23:00:00,NA
2017-10-10,NA
2017-10-10 01:00:00,NA
2017-10-10 02:00:00,NA
2017-10-10 03:00:00,NA
2017-10-10 04:00:00,NA
2017-10-10 05:00:00,NA
2017-10-10 06:00:00,NA
2017-10-10 07:00:00,NA
2017-10-10 08:00:00,NA
2017-10-10 09:00:00,NA
2017-10-10 10:00:00,NA
2017-10-10 11:00:00,NA
2017-10-10 12:00:00,NA
2017-10-10 13:00:00,NA
2017-10-10 14:00:00,NA
2017-10-10 15:00:00,NA
2017-10-10 16:00:00,NA
2017-10-10 17:00:00,NA
2017-10-10 18:00:00,NA
2017-10-10 19:00:00,NA
2017-10-10 20:00:00,NA
2017-10-10 21:00:00,NA
2017-10-10 22:00:00,NA
2017-10-10 23:00:00,NA
2017-10-11,NA
2017-10-11 01:00:00,NA
2017-10-11 02:00:00,NA
2017-10-11 03:00:00,NA
2017-10-11 04:00:00,NA
2017-10-11 05:00:00,NA
2017-10-11 06:00:00,NA
2017-10-11 07:00:00,NA
2017-10-11 08:00:00,NA
2017-10-11 09:00:00,NA
2017-10-11 10:00:00,NA
2017-10-11 11:00:00,NA
2017-10-11 12:00:00,NA
2017-10-11 13:00:00,NA
2017-10-11 14:00:00,NA
2017-10-11 15:00:00,NA
2017-10-11 16:00:00,NA
2017-10-11 17:00:00,NA
2017-10-11 18:00:00,NA
2017-10-11 19:00:00,NA
2017-10-11 20:00:00,NA
2017-10-11 21:00:00,NA
2017-10-11 22:00:00,NA
2017-10-11 23:00:00,NA
2017-10-12,NA
2017-10-12 01:00:00,NA
2017-10-12 02:00:00,NA
2017-10-12 03:00:00,NA
2017-10-12 04:00:00,NA
2017-10-12 05:00:00,NA
2017-10-12 06:00:00,NA
2017-10-12 07:00:00,NA
2017-10-12 08:00:00,NA
2017-10-12 09:00:00,NA
2017-10-12 10:00:00,NA
2017-10-12 11:00:00,NA
2017-10-12 12:00:00,NA
2017-10-12 13:00:00,NA
2017-10-12 14:00:00,NA
2017-10-12 15:00:00,NA
2017-10-12 16:00:00,NA
2017-10-12 17:00:00,NA
2017-10-12 18:00:00,NA
2017-10-12 19:00:00,NA
2017-10-12 20:00:00,NA
2017-10-12 21:00:00,NA
2017-10-12 22:00:00,NA
2017-10-12 23:00:00,NA
2017-10-13,NA
2017-10-13 01:00:00,NA
2017-10-13 02:00:00,NA
2017-10-13 03:00:00,NA
2017-10-13 04:00:00,NA
2017-10-13 05:00:00,NA
2017-10-13 06:00:00,NA
2017-10-13 07:00:00,NA
2017-10-13 08:00:00,NA
2017-10-13 09:00:00,NA
2017-10-13 10:00:00,NA
2017-10-13 11:00:00,NA
2017-10-13 12:00:00,NA
2017-10-13 13:00:00,NA
2017-10-13 14:00:00,NA
2017-10-13 15:00:00,NA
2017-10-13 16:00:00,NA
2017-10-13 17:00:00,NA
2017-10-13 18:00:00,NA
2017-10-13 19:00:00,NA
2017-10-13 20:00:00,NA
2017-10-13 21:00:00,NA
2017-10-13 22:00:00,NA
2017-10-13 23:00:00,NA
2017-10-14,NA
2017-10-14 01:00:00,NA
2017-10-14 02:00:00,NA
2017-10-14 03:00:00,NA
2017-10-14 04:00:00,NA
2017-10-14 05:00:00,NA
2017-10-14 06:00:00,NA
2017-10-14 07:00:00,NA
2017-10-14 08:00:00,NA
2017-10-14 09:00:00,NA
2017-10-14 10:00:00,NA
2017-10-14 11:00:00,NA
2017-10-14 12:00:00,NA
2017-10-14 13:00:00,NA
2017-10-14 14:00:00,NA
2017-10-14 15:00:00,NA
2017-10-14 16:00:00,NA
2017-10-14 17:00:00,NA
2017-10-14 18:00:00,NA
2017-10-14 19:00:00,NA
2017-10-14 20:00:00,NA
2017-10-14 21:00:00,NA
2017-10-14 22:00:00,NA
2017-10-14 23:00:00,NA
2017-10-15,NA
2017-10-15 01:00:00,NA
2017-10-15 02:00:00,NA
2017-10-15 03:00:00,NA
2017-10-15 04:00:00,NA
2017-10-15 05:00:00,NA
2017-10-15 06:00:00,NA
2017-10-15 07:00:00,NA
2017-10-15 08:00:00,NA
2017-10-15 09:00:00,NA
2017-10-15 10:00:00,NA
2017-10-15 11:00:00,NA
2017-10-15 12:00:00,NA
2017-10-15 13:00:00,NA
2017-10-15 14:00:00,NA
2017-10-15 15:00:00,NA
2017-10-15 16:00:00,NA
2017-10-15 17:00:00,NA
2017-10-15 18:00:00,NA
2017-10-15 19:00:00,NA
2017-10-15 20:00:00,NA
2017-10-15 21:00:00,NA
2017-10-15 22:00:00,NA
2017-10-15 23:00:00,NA
2017-10-16,NA
2017-10-16 01:00:00,NA
2017-10-16 02:00:00,NA
2017-10-16 03:00:00,NA
2017-10-16 04:00:00,NA
2017-10-16 05:00:00,NA
2017-10-16 06:00:00,NA
2017-10-16 07:00:00,NA
2017-10-16 08:00:00,NA
2017-10-16 09:00:00,NA
2017-10-16 10:00:00,NA
2017-10-16 11:00:00,NA
2017-10-16 12:00:00,NA
2017-10-16 13:00:00,NA
2017-10-16 14:00:00,NA
2017-10-16 15:00:00,NA
2017-10-16 16:00:00,NA
2017-10-16 17:00:00,NA
2017-10-16 18:00:00,NA
2017-10-16 19:00:00,NA
2017-10-16 20:00:00,NA
2017-10-16 21:00:00,NA
2017-10-16 22:00:00,NA
2017-10-16 23:00:00,NA
2017-10-17,NA
2017-10-17 01:00:00,NA
2017-10-17 02:00:00,NA
2017-10-17 03:00:00,NA
2017-10-17 04:00:00,NA
2017-10-17 05:00:00,NA
2017-10-17 06:00:00,NA
2017-10-17 07:00:00,NA
2017-10-17 08:00:00,NA
2017-10-17 09:00:00,NA
2017-10-17 10:00:00,NA
2017-10-17 11:00:00,NA
2017-10-17 12:00:00,NA
2017-10-17 13:00:00,NA
2017-10-17 14:00:00,NA
2017-10-17 15:00:00,NA
2017-10-17 16:00:00,NA
2017-10-17 17:00:00,NA
2017-10-17 18:00:00,NA
2017-10-17 19:00:00,NA
2017-10-17 20:00:00,NA
2017-10-17 21:00:00,NA
2017-10-17 22:00:00,NA
2017-10-17 23:00:00,NA
2017-10-18,NA
2017-10-18 01:00:00,NA
2017-10-18 02:00:00,NA
2017-10-18 03:00:00,NA
2017-10-18 04:00:00,NA
2017-10-18 05:00:00,NA
2017-10-18 06:00:00,NA
2017-10-18 07:00:00,NA
2017-10-18 08:00:00,NA
2017-10-18 09:00:00,NA
2017-10-18 10:00:00,NA
2017-10-18 11:00:00,NA
2017-10-18 12:00:00,NA
2017-10-18 13:00:00,NA
2017-10-18 14:00:00,NA
2017-10-18 15:00:00,NA
2017-10-18 16:00:00,NA
2017-10-18 17:00:00,NA
2017-10-18 18:00:00,NA
2017-10-18 19:00:00,NA
2017-10-18 20:00:00,NA
2017-10-18 21:00:00,NA
2017-10-18 22:00:00,NA
2017-10-18 23:00:00,NA
2017-10-19,NA
2017-10-19 01:00:00,NA
2017-10-19 02:00:00,NA
2017-10-19 03:00:00,NA
2017-10-19 04:00:00,NA
2017-10-19 05:00:00,NA
2017-10-19 06:00:00,NA
2017-10-19 07:00:00,NA
2017-10-19 08:00:00,NA
2017-10-19 09:00:00,NA
2017-10-19 10:00:00,NA
2017-10-19 11:00:00,NA
2017-10-19 12:00:00,NA
2017-10-19 13:00:00,NA
2017-10-19 14:00:00,NA
2017-10-19 15:00:00,NA
2017-10-19 16:00:00,NA
2017-10-19 17:00:00,NA
2017-10-19 18:00:00,NA
2017-10-19 19:00:00,NA
2017-10-19 20:00:00,NA
2017-10-19 21:00:00,NA
2017-10-19 22:00:00,NA
2017-10-19 23:00:00,NA
2017-10-20,NA
2017-10-20 01:00:00,NA
2017-10-20 02:00:00,NA
2017-10-20 03:00:00,NA
2017-10-20 04:00:00,NA
2017-10-20 05:00:00,NA
2017-10-20 06:00:00,NA
2017-10-20 07:00:00,NA
2017-10-20 08:00:00,NA
2017-10-20 09:00:00,NA
2017-10-20 10:00:00,NA
2017-10-20 11:00:00,NA
2017-10-20 12:00:00,NA
2017-10-20 13:00:00,NA
2017-10-20 14:00:00,NA
2017-10-20 15:00:00,NA
2017-10-20 16:00:00,NA
2017-10-20 17:00:00,NA
2017-10-20 18:00:00,NA
2017-10-20 19:00:00,NA
2017-10-20 20:00:00,NA
2017-10-20 21:00:00,NA
2017-10-20 22:00:00,NA
2017-10-20 23:00:00,NA
2017-10-21,NA
2017-10-21 01:00:00,NA
2017-10-21 02:00:00,NA
2017-10-21 03:00:00,NA
2017-10-21 04:00:00,NA
2017-10-21 05:00:00,NA
2017-10-21 06:00:00,NA
2017-10-21 07:00:00,NA
2017-10-21 08:00:00,NA
2017-10-21 09:00:00,NA
2017-10-21 10:00:00,NA
2017-10-21 11:00:00,NA
2017-10-21 12:00:00,NA
2017-10-21 13:00:00,NA
2017-10-21 14:00:00,NA
2017-10-21 15:00:00,NA
2017-10-21 16:00:00,NA
2017-10-21 17:00:00,NA
2017-10-21 18:00:00,NA
2017-10-21 19:00:00,NA
2017-10-21 20:00:00,NA
2017-10-21 21:00:00,NA
2017-10-21 22:00:00,NA
2017-10-21 23:00:00,NA
2017-10-22,NA
2017-10-22 01:00:00,NA
2017-10-22 02:00:00,NA
2017-10-22 03:00:00,NA
2017-10-22 04:00:00,NA
2017-10-22 05:00:00,NA
2017-10-22 06:00:00,NA
2017-10-22 07:00:00,NA
2017-10-22 08:00:00,NA
2017-10-22 09:00:00,NA
2017-10-22 10:00:00,NA
2017-10-22 11:00:00,NA
2017-10-22 12:00:00,NA
2017-10-22 13:00:00,NA
2017-10-22 14:00:00,NA
2017-10-22 15:00:00,NA
2017-10-22 16:00:00,NA
2017-10-22 17:00:00,NA
2017-10-22 18:00:00,NA
2017-10-22 19:00:00,NA
2017-10-22 20:00:00,NA
2017-10-22 21:00:00,NA
2017-10-22 22:00:00,NA
2017-10-22 23:00:00,NA
2017-10-23,NA
2017-10-23 01:00:00,NA
2017-10-23 02:00:00,NA
2017-10-23 03:00:00,NA
2017-10-23 04:00:00,NA
2017-10-23 05:00:00,NA
2017-10-23 06:00:00,NA
2017-10-23 07:00:00,NA
2017-10-23 08:00:00,NA
2017-10-23 09:00:00,NA
2017-10-23 10:00:00,NA
2017-10-23 11:00:00,NA
2017-10-23 12:00:00,NA
2017-10-23 13:00:00,NA
2017-10-23 14:00:00,NA
2017-10-23 15:00:00,NA
2017-10-23 16:00:00,NA
2017-10-23 17:00:00,NA
2017-10-23 18:00:00,NA
2017-10-23 19:00:00,NA
2017-10-23 20:00:00,NA
2017-10-23 21:00:00,NA
2017-10-23 22:00:00,NA
2017-10-23 23:00:00,NA
2017-10-24,NA
2017-10-24 01:00:00,NA
2017-10-24 02:00:00,NA
2017-10-24 03:00:00,NA
2017-10-24 04:00:00,NA
2017-10-24 05:00:00,NA
2017-10-24 06:00:00,NA
2017-10-24 07:00:00,NA
2017-10-24 08:00:00,NA
2017-10-24 09:00:00,NA
2017-10-24 10:00:00,NA
2017-10-24 11:00:00,NA
2017-10-24 12:00:00,NA
2017-10-24 13:00:00,NA
2017-10-24 14:00:00,NA
2017-10-24 15:00:00,NA
2017-10-24 16:00:00,NA
2017-10-24 17:00:00,NA
2017-10-24 18:00:00,NA
2017-10-24 19:00:00,NA
2017-10-24 20:00:00,NA
2017-10-24 21:00:00,NA
2017-10-24 22:00:00,NA
2017-10-24 23:00:00,NA
2017-10-25,NA
2017-10-25 01:00:00,NA
2017-10-25 02:00:00,NA
2017-10-25 03:00:00,NA
2017-10-25 04:00:00,NA
2017-10-25 05:00:00,NA
2017-10-25 06:00:00,NA
2017-10-25 07:00:00,NA
2017-10-25 08:00:00,NA
2017-10-25 09:00:00,NA
2017-10-25 10:00:00,NA
2017-10-25 11:00:00,NA
2017-10-25 12:00:00,NA
2017-10-25 13:00:00,NA
2017-10-25 14:00:00,NA
2017-10-25 15:00:00,NA
2017-10-25 16:00:00,NA
2017-10-25 17:00:00,NA
2017-10-25 18:00:00,NA
2017-10-25 19:00:00,NA
2017-10-25 20:00:00,NA
2017-10-25 21:00:00,NA
2017-10-25 22:00:00,NA
2017-10-25 23:00:00,NA
2017-10-26,NA
2017-10-26 01:00:00,NA
2017-10-26 02:00:00,NA
2017-10-26 03:00:00,NA
2017-10-26 04:00:00,NA
2017-10-26 05:00:00,NA
2017-10-26 06:00:00,NA
2017-10-26 07:00:00,NA
2017-10-26 08:00:00,NA
2017-10-26 09:00:00,NA
2017-10-26 10:00:00,NA
2017-10-26 11:00:00,NA
2017-10-26 12:00:00,NA
2017-10-26 13:00:00,NA
2017-10-26 14:00:00,NA
2017-10-26 15:00:00,NA
2017-10-26 16:00:00,NA
2017-10-26 17:00:00,NA
2017-10-26 18:00:00,NA
2017-10-26 19:00:00,NA
2017-10-26 20:00:00,NA
2017-10-26 21:00:00,NA
2017-10-26 22:00:00,NA
2017-10-26 23:00:00,NA
2017-10-27,NA
2017-10-27 01:00:00,NA
2017-10-27 02:00:00,NA
2017-10-27 03:00:00,NA
2017-10-27 04:00:00,NA
2017-10-27 05:00:00,NA
2017-10-27 06:00:00,NA
2017-10-27 07:00:00,NA
2017-10-27 08:00:00,NA
2017-10-27 09:00:00,NA
2017-10-27 10:00:00,NA
2017-10-27 11:00:00,NA
2017-10-27 12:00:00,NA
2017-10-27 13:00:00,NA
2017-10-27 14:00:00,NA
2017-10-27 15:00:00,NA
2017-10-27 16:00:00,NA
2017-10-27 17:00:00,NA
2017-10-27 18:00:00,NA
2017-10-27 19:00:00,NA
2017-10-27 20:00:00,NA
2017-10-27 21:00:00,NA
2017-10-27 22:00:00,NA
2017-10-27 23:00:00,NA
2017-10-28,NA
2017-10-28 01:00:00,NA
2017-10-28 02:00:00,NA
2017-10-28 03:00:00,NA
2017-10-28 04:00:00,NA
2017-10-28 05:00:00,NA
2017-10-28 06:00:00,NA
2017-10-28 07:00:00,NA
2017-10-28 08:00:00,NA
2017-10-28 09:00:00,NA
2017-10-28 10:00:00,NA
2017-10-28 11:00:00,NA
2017-10-28 12:00:00,NA
2017-10-28 13:00:00,NA
2017-10-28 14:00:00,NA
2017-10-28 15:00:00,NA
2017-10-28 16:00:00,NA
2017-10-28 17:00:00,NA
2017-10-28 18:00:00,NA
2017-10-28 19:00:00,NA
2017-10-28 20:00:00,NA
2017-10-28 21:00:00,NA
2017-10-28 22:00:00,NA
2017-10-28 23:00:00,NA
2017-10-29,NA
2017-10-29 01:00:00,NA
2017-10-29 02:00:00,NA
2017-10-29 03:00:00,NA
2017-10-29 04:00:00,NA
2017-10-29 05:00:00,NA
2017-10-29 06:00:00,NA
2017-10-29 07:00:00,NA
2017-10-29 08:00:00,NA
2017-10-29 09:00:00,NA
2017-10-29 10:00:00,NA
2017-10-29 11:00:00,NA
2017-10-29 12:00:00,NA
2017-10-29 13:00:00,NA
2017-10-29 14:00:00,NA
2017-10-29 15:00:00,NA
2017-10-29 16:00:00,NA
2017-10-29 17:00:00,NA
2017-10-29 18:00:00,NA
2017-10-29 19:00:00,NA
2017-10-29 20:00:00,NA
2017-10-29 21:00:00,NA
2017-10-29 22:00:00,NA
2017-10-29 23:00:00,NA
2017-10-30,NA
2017-10-30 01:00:00,NA
2017-10-30 02:00:00,NA
2017-10-30 03:00:00,NA
2017-10-30 04:00:00,NA
2017-10-30 05:00:00,NA
2017-10-30 06:00:00,NA
2017-10-30 07:00:00,NA
2017-10-30 08:00:00,NA
2017-10-30 09:00:00,NA
2017-10-30 10:00:00,NA
2017-10-30 11:00:00,NA
2017-10-30 12:00:00,NA
2017-10-30 13:00:00,NA
2017-10-30 14:00:00,NA
2017-10-30 15:00:00,NA
2017-10-30 16:00:00,NA
2017-10-30 17:00:00,NA
2017-10-30 18:00:00,NA
2017-10-30 19:00:00,NA
2017-10-30 20:00:00,NA
2017-10-30 21:00:00,NA
2017-10-30 22:00:00,NA
2017-10-30 23:00:00,NA
2017-10-31,NA
2017-10-31 01:00:00,NA
2017-10-31 02:00:00,NA
2017-10-31 03:00:00,NA
2017-10-31 04:00:00,NA
2017-10-31 05:00:00,NA
2017-10-31 06:00:00,NA
2017-10-31 07:00:00,NA
2017-10-31 08:00:00,NA
2017-10-31 09:00:00,NA
2017-10-31 10:00:00,NA
2017-10-31 11:00:00,NA
2017-10-31 12:00:00,NA
2017-10-31 13:00:00,NA
2017-10-31 14:00:00,NA
2017-10-31 15:00:00,NA
2017-10-31 16:00:00,NA
2017-10-31 17:00:00,NA
2017-10-31 18:00:00,NA
2017-10-31 19:00:00,NA
2017-10-31 20:00:00,NA
2017-10-31 21:00:00,NA
2017-10-31 22:00:00,NA
2017-10-31 23:00:00,NA
2017-11-01,NA
2017-11-01 01:00:00,NA
2017-11-01 02:00:00,NA
2017-11-01 03:00:00,NA
2017-11-01 04:00:00,NA
2017-11-01 05:00:00,NA
2017-11-01 06:00:00,NA
2017-11-01 07:00:00,NA
2017-11-01 08:00:00,NA
2017-11-01 09:00:00,NA
2017-11-01 10:00:00,NA
2017-11-01 11:00:00,NA
2017-11-01 12:00:00,NA
2017-11-01 13:00:00,NA
2017-11-01 14:00:00,NA
2017-11-01 15:00:00,NA
2017-11-01 16:00:00,NA
2017-11-01 17:00:00,NA
2017-11-01 18:00:00,NA
2017-11-01 19:00:00,NA
2017-11-01 20:00:00,NA
2017-11-01 21:00:00,0.00288580008782446
2017-11-01 22:00:00,NA
2017-11-01 23:00:00,NA
2017-11-02,NA
2017-11-02 01:00:00,NA
2017-11-02 02:00:00,NA
2017-11-02 03:00:00,NA
2017-11-02 04:00:00,NA
2017-11-02 05:00:00,NA
2017-11-02 06:00:00,NA
2017-11-02 07:00:00,NA
2017-11-02 08:00:00,NA
2017-11-02 09:00:00,NA
2017-11-02 10:00:00,NA
2017-11-02 11:00:00,NA
2017-11-02 12:00:00,NA
2017-11-02 13:00:00,NA
2017-11-02 14:00:00,NA
2017-11-02 15:00:00,NA
2017-11-02 16:00:00,NA
2017-11-02 17:00:00,NA
2017-11-02 18:00:00,NA
2017-11-02 19:00:00,NA
2017-11-02 20:00:00,NA
2017-11-02 21:00:00,NA
2017-11-02 22:00:00,NA
2017-11-02 23:00:00,NA
2017-11-03,NA
2017-11-03 01:00:00,NA
2017-11-03 02:00:00,NA
2017-11-03 03:00:00,NA
2017-11-03 04:00:00,NA
2017-11-03 05:00:00,NA
2017-11-03 06:00:00,NA
2017-11-03 07:00:00,NA
2017-11-03 08:00:00,NA
2017-11-03 09:00:00,NA
2017-11-03 10:00:00,NA
2017-11-03 11:00:00,NA
2017-11-03 12:00:00,NA
2017-11-03 13:00:00,NA
2017-11-03 14:00:00,NA
2017-11-03 15:00:00,NA
2017-11-03 16:00:00,NA
2017-11-03 17:00:00,NA
2017-11-03 18:00:00,NA
2017-11-03 19:00:00,NA
2017-11-03 20:00:00,NA
2017-11-03 21:00:00,NA
2017-11-03 22:00:00,NA
2017-11-03 23:00:00,NA
2017-11-04,NA
2017-11-04 01:00:00,NA
2017-11-04 02:00:00,NA
2017-11-04 03:00:00,NA
2017-11-04 04:00:00,NA
2017-11-04 05:00:00,NA
2017-11-04 06:00:00,NA
2017-11-04 07:00:00,NA
2017-11-04 08:00:00,NA
2017-11-04 09:00:00,NA
2017-11-04 10:00:00,NA
2017-11-04 11:00:00,0.00295959995128214
2017-11-04 12:00:00,NA
2017-11-04 13:00:00,NA
2017-11-04 14:00:00,NA
2017-11-04 15:00:00,NA
2017-11-04 16:00:00,NA
2017-11-04 17:00:00,NA
2017-11-04 18:00:00,NA
2017-11-04 19:00:00,NA
2017-11-04 20:00:00,NA
2017-11-04 21:00:00,NA
2017-11-04 22:00:00,NA
2017-11-04 23:00:00,NA
2017-11-05,NA
2017-11-05 01:00:00,NA
2017-11-05 02:00:00,NA
2017-11-05 03:00:00,NA
2017-11-05 04:00:00,NA
2017-11-05 05:00:00,NA
2017-11-05 06:00:00,NA
2017-11-05 07:00:00,NA
2017-11-05 08:00:00,NA
2017-11-05 09:00:00,NA
2017-11-05 10:00:00,NA
2017-11-05 11:00:00,NA
2017-11-05 12:00:00,NA
2017-11-05 13:00:00,NA
2017-11-05 14:00:00,NA
2017-11-05 15:00:00,NA
2017-11-05 16:00:00,NA
2017-11-05 17:00:00,NA
2017-11-05 18:00:00,NA
2017-11-05 19:00:00,NA
2017-11-05 20:00:00,NA
2017-11-05 21:00:00,NA
2017-11-05 22:00:00,0.00347999995574355
2017-11-05 23:00:00,NA
2017-11-06,NA
2017-11-06 01:00:00,NA
2017-11-06 02:00:00,NA
2017-11-06 03:00:00,NA
2017-11-06 04:00:00,NA
2017-11-06 05:00:00,NA
2017-11-06 06:00:00,NA
2017-11-06 07:00:00,NA
2017-11-06 08:00:00,NA
2017-11-06 09:00:00,NA
2017-11-06 10:00:00,NA
2017-11-06 11:00:00,NA
2017-11-06 12:00:00,NA
2017-11-06 13:00:00,NA
2017-11-06 14:00:00,0.00290710013359785
2017-11-06 15:00:00,NA
2017-11-06 16:00:00,NA
2017-11-06 17:00:00,0.00304510002024471
2017-11-06 18:00:00,NA
2017-11-06 19:00:00,0.00302519998513162
2017-11-06 20:00:00,NA
2017-11-06 21:00:00,NA
2017-11-06 22:00:00,NA
2017-11-06 23:00:00,NA
2017-11-07,NA
2017-11-07 01:00:00,NA
2017-11-07 02:00:00,NA
2017-11-07 03:00:00,NA
2017-11-07 04:00:00,NA
2017-11-07 05:00:00,NA
2017-11-07 06:00:00,NA
2017-11-07 07:00:00,NA
2017-11-07 08:00:00,NA
2017-11-07 09:00:00,NA
2017-11-07 10:00:00,NA
2017-11-07 11:00:00,NA
2017-11-07 12:00:00,NA
2017-11-07 13:00:00,NA
2017-11-07 14:00:00,NA
2017-11-07 15:00:00,NA
2017-11-07 16:00:00,NA
2017-11-07 17:00:00,NA
2017-11-07 18:00:00,NA
2017-11-07 19:00:00,NA
2017-11-07 20:00:00,NA
2017-11-07 21:00:00,NA
2017-11-07 22:00:00,NA
2017-11-07 23:00:00,NA
2017-11-08,NA
2017-11-08 01:00:00,NA
2017-11-08 02:00:00,NA
2017-11-08 03:00:00,NA
2017-11-08 04:00:00,NA
2017-11-08 05:00:00,NA
2017-11-08 06:00:00,NA
2017-11-08 07:00:00,NA
2017-11-08 08:00:00,NA
2017-11-08 09:00:00,NA
2017-11-08 10:00:00,NA
2017-11-08 11:00:00,NA
2017-11-08 12:00:00,NA
2017-11-08 13:00:00,NA
2017-11-08 14:00:00,NA
2017-11-08 15:00:00,0.00237650005146861
2017-11-08 16:00:00,NA
2017-11-08 17:00:00,0.00220660003833472
2017-11-08 18:00:00,NA
2017-11-08 19:00:00,NA
2017-11-08 20:00:00,NA
2017-11-08 21:00:00,NA
2017-11-08 22:00:00,NA
2017-11-08 23:00:00,NA
2017-11-09,NA
2017-11-09 01:00:00,NA
2017-11-09 02:00:00,NA
2017-11-09 03:00:00,0.00109350006096065
2017-11-09 04:00:00,NA
2017-11-09 05:00:00,NA
2017-11-09 06:00:00,NA
2017-11-09 07:00:00,NA
2017-11-09 08:00:00,NA
2017-11-09 09:00:00,NA
2017-11-09 10:00:00,NA
2017-11-09 11:00:00,NA
2017-11-09 12:00:00,NA
2017-11-09 13:00:00,NA
2017-11-09 14:00:00,NA
2017-11-09 15:00:00,NA
2017-11-09 16:00:00,NA
2017-11-09 17:00:00,NA
2017-11-09 18:00:00,NA
2017-11-09 19:00:00,NA
2017-11-09 20:00:00,NA
2017-11-09 21:00:00,NA
2017-11-09 22:00:00,NA
2017-11-09 23:00:00,NA
2017-11-10,NA
2017-11-10 01:00:00,NA
2017-11-10 02:00:00,NA
2017-11-10 03:00:00,NA
2017-11-10 04:00:00,NA
2017-11-10 05:00:00,NA
2017-11-10 06:00:00,NA
2017-11-10 07:00:00,NA
2017-11-10 08:00:00,NA
2017-11-10 09:00:00,NA
2017-11-10 10:00:00,NA
2017-11-10 11:00:00,NA
2017-11-10 12:00:00,NA
2017-11-10 13:00:00,NA
2017-11-10 14:00:00,NA
2017-11-10 15:00:00,NA
2017-11-10 16:00:00,NA
2017-11-10 17:00:00,NA
2017-11-10 18:00:00,NA
2017-11-10 19:00:00,NA
2017-11-10 20:00:00,NA
2017-11-10 21:00:00,NA
2017-11-10 22:00:00,NA
2017-11-10 23:00:00,NA
2017-11-11,NA
2017-11-11 01:00:00,NA
2017-11-11 02:00:00,NA
2017-11-11 03:00:00,NA
2017-11-11 04:00:00,NA
2017-11-11 05:00:00,NA
2017-11-11 06:00:00,NA
2017-11-11 07:00:00,NA
2017-11-11 08:00:00,NA
2017-11-11 09:00:00,NA
2017-11-11 10:00:00,NA
2017-11-11 11:00:00,NA
2017-11-11 12:00:00,NA
2017-11-11 13:00:00,NA
2017-11-11 14:00:00,NA
2017-11-11 15:00:00,NA
2017-11-11 16:00:00,NA
2017-11-11 17:00:00,NA
2017-11-11 18:00:00,NA
2017-11-11 19:00:00,NA
2017-11-11 20:00:00,NA
2017-11-11 21:00:00,NA
2017-11-11 22:00:00,NA
2017-11-11 23:00:00,NA
2017-11-12,NA
2017-11-12 01:00:00,NA
2017-11-12 02:00:00,NA
2017-11-12 03:00:00,NA
2017-11-12 04:00:00,NA
2017-11-12 05:00:00,NA
2017-11-12 06:00:00,NA
2017-11-12 07:00:00,NA
2017-11-12 08:00:00,NA
2017-11-12 09:00:00,NA
2017-11-12 10:00:00,NA
2017-11-12 11:00:00,NA
2017-11-12 12:00:00,NA
2017-11-12 13:00:00,NA
2017-11-12 14:00:00,NA
2017-11-12 15:00:00,NA
2017-11-12 16:00:00,NA
2017-11-12 17:00:00,NA
2017-11-12 18:00:00,NA
2017-11-12 19:00:00,NA
2017-11-12 20:00:00,NA
2017-11-12 21:00:00,NA
2017-11-12 22:00:00,NA
2017-11-12 23:00:00,NA
2017-11-13,NA
2017-11-13 01:00:00,NA
2017-11-13 02:00:00,NA
2017-11-13 03:00:00,NA
2017-11-13 04:00:00,NA
2017-11-13 05:00:00,NA
2017-11-13 06:00:00,NA
2017-11-13 07:00:00,NA
2017-11-13 08:00:00,NA
2017-11-13 09:00:00,NA
2017-11-13 10:00:00,NA
2017-11-13 11:00:00,NA
2017-11-13 12:00:00,NA
2017-11-13 13:00:00,NA
2017-11-13 14:00:00,NA
2017-11-13 15:00:00,NA
2017-11-13 16:00:00,NA
2017-11-13 17:00:00,NA
2017-11-13 18:00:00,NA
2017-11-13 19:00:00,NA
2017-11-13 20:00:00,NA
2017-11-13 21:00:00,NA
2017-11-13 22:00:00,NA
2017-11-13 23:00:00,NA
2017-11-14,NA
2017-11-14 01:00:00,NA
2017-11-14 02:00:00,NA
2017-11-14 03:00:00,NA
2017-11-14 04:00:00,NA
2017-11-14 05:00:00,0.0020701999310404
2017-11-14 06:00:00,0.002062400104478
2017-11-14 07:00:00,NA
2017-11-14 08:00:00,NA
2017-11-14 09:00:00,0.00199329992756247
2017-11-14 10:00:00,NA
2017-11-14 11:00:00,NA
2017-11-14 12:00:00,NA
2017-11-14 13:00:00,NA
2017-11-14 14:00:00,NA
2017-11-14 15:00:00,NA
2017-11-14 16:00:00,NA
2017-11-14 17:00:00,NA
2017-11-14 18:00:00,NA
2017-11-14 19:00:00,NA
2017-11-14 20:00:00,NA
2017-11-14 21:00:00,NA
2017-11-14 22:00:00,NA
2017-11-14 23:00:00,NA
2017-11-15,NA
2017-11-15 01:00:00,NA
2017-11-15 02:00:00,NA
2017-11-15 03:00:00,NA
2017-11-15 04:00:00,NA
2017-11-15 05:00:00,NA
2017-11-15 06:00:00,NA
2017-11-15 07:00:00,NA
2017-11-15 08:00:00,NA
2017-11-15 09:00:00,NA
2017-11-15 10:00:00,NA
2017-11-15 11:00:00,NA
2017-11-15 12:00:00,NA
2017-11-15 13:00:00,0.00189429998863488
2017-11-15 14:00:00,NA
2017-11-15 15:00:00,NA
2017-11-15 16:00:00,NA
2017-11-15 17:00:00,0.00227069994434714
2017-11-15 18:00:00,NA
2017-11-15 19:00:00,NA
2017-11-15 20:00:00,NA
2017-11-15 21:00:00,NA
2017-11-15 22:00:00,NA
2017-11-15 23:00:00,NA
2017-11-16,NA
2017-11-16 01:00:00,NA
2017-11-16 02:00:00,NA
2017-11-16 03:00:00,NA
2017-11-16 04:00:00,NA
2017-11-16 05:00:00,0.00181679998058825
2017-11-16 06:00:00,0.00183029996696859
2017-11-16 07:00:00,0.00188110000453889
2017-11-16 08:00:00,NA
2017-11-16 09:00:00,NA
2017-11-16 10:00:00,NA
2017-11-16 11:00:00,NA
2017-11-16 12:00:00,NA
2017-11-16 13:00:00,NA
2017-11-16 14:00:00,NA
2017-11-16 15:00:00,NA
2017-11-16 16:00:00,NA
2017-11-16 17:00:00,NA
2017-11-16 18:00:00,NA
2017-11-16 19:00:00,NA
2017-11-16 20:00:00,NA
2017-11-16 21:00:00,NA
2017-11-16 22:00:00,NA
2017-11-16 23:00:00,NA
2017-11-17,NA
2017-11-17 01:00:00,NA
2017-11-17 02:00:00,NA
2017-11-17 03:00:00,NA
2017-11-17 04:00:00,NA
2017-11-17 05:00:00,NA
2017-11-17 06:00:00,NA
2017-11-17 07:00:00,NA
2017-11-17 08:00:00,NA
2017-11-17 09:00:00,NA
2017-11-17 10:00:00,NA
2017-11-17 11:00:00,NA
2017-11-17 12:00:00,NA
2017-11-17 13:00:00,NA
2017-11-17 14:00:00,NA
2017-11-17 15:00:00,NA
2017-11-17 16:00:00,NA
2017-11-17 17:00:00,NA
2017-11-17 18:00:00,NA
2017-11-17 19:00:00,NA
2017-11-17 20:00:00,NA
2017-11-17 21:00:00,NA
2017-11-17 22:00:00,NA
2017-11-17 23:00:00,NA
2017-11-18,NA
2017-11-18 01:00:00,NA
2017-11-18 02:00:00,NA
2017-11-18 03:00:00,NA
2017-11-18 04:00:00,NA
2017-11-18 05:00:00,NA
2017-11-18 06:00:00,NA
2017-11-18 07:00:00,NA
2017-11-18 08:00:00,NA
2017-11-18 09:00:00,NA
2017-11-18 10:00:00,NA
2017-11-18 11:00:00,NA
2017-11-18 12:00:00,NA
2017-11-18 13:00:00,NA
2017-11-18 14:00:00,NA
2017-11-18 15:00:00,NA
2017-11-18 16:00:00,NA
2017-11-18 17:00:00,NA
2017-11-18 18:00:00,NA
2017-11-18 19:00:00,NA
2017-11-18 20:00:00,NA
2017-11-18 21:00:00,NA
2017-11-18 22:00:00,NA
2017-11-18 23:00:00,NA
2017-11-19,NA
2017-11-19 01:00:00,NA
2017-11-19 02:00:00,NA
2017-11-19 03:00:00,NA
2017-11-19 04:00:00,NA
2017-11-19 05:00:00,NA
2017-11-19 06:00:00,NA
2017-11-19 07:00:00,NA
2017-11-19 08:00:00,NA
2017-11-19 09:00:00,NA
2017-11-19 10:00:00,NA
2017-11-19 11:00:00,NA
2017-11-19 12:00:00,NA
2017-11-19 13:00:00,NA
2017-11-19 14:00:00,NA
2017-11-19 15:00:00,NA
2017-11-19 16:00:00,NA
2017-11-19 17:00:00,NA
2017-11-19 18:00:00,NA
2017-11-19 19:00:00,NA
2017-11-19 20:00:00,NA
2017-11-19 21:00:00,NA
2017-11-19 22:00:00,NA
2017-11-19 23:00:00,NA
2017-11-20,NA
2017-11-20 01:00:00,NA
2017-11-20 02:00:00,NA
2017-11-20 03:00:00,NA
2017-11-20 04:00:00,NA
2017-11-20 05:00:00,NA
2017-11-20 06:00:00,NA
2017-11-20 07:00:00,NA
2017-11-20 08:00:00,NA
2017-11-20 09:00:00,NA
2017-11-20 10:00:00,NA
2017-11-20 11:00:00,NA
2017-11-20 12:00:00,NA
2017-11-20 13:00:00,NA
2017-11-20 14:00:00,NA
2017-11-20 15:00:00,NA
2017-11-20 16:00:00,NA
2017-11-20 17:00:00,NA
2017-11-20 18:00:00,NA
2017-11-20 19:00:00,NA
2017-11-20 20:00:00,NA
2017-11-20 21:00:00,NA
2017-11-20 22:00:00,NA
2017-11-20 23:00:00,NA
2017-11-21,NA
2017-11-21 01:00:00,NA
2017-11-21 02:00:00,NA
2017-11-21 03:00:00,NA
2017-11-21 04:00:00,NA
2017-11-21 05:00:00,NA
2017-11-21 06:00:00,NA
2017-11-21 07:00:00,NA
2017-11-21 08:00:00,NA
2017-11-21 09:00:00,NA
2017-11-21 10:00:00,NA
2017-11-21 11:00:00,NA
2017-11-21 12:00:00,NA
2017-11-21 13:00:00,NA
2017-11-21 14:00:00,NA
2017-11-21 15:00:00,0.0031324999872595
2017-11-21 16:00:00,0.00318340002559125
2017-11-21 17:00:00,NA
2017-11-21 18:00:00,NA
2017-11-21 19:00:00,NA
2017-11-21 20:00:00,0.00343360006809234
2017-11-21 21:00:00,NA
2017-11-21 22:00:00,NA
2017-11-21 23:00:00,NA
2017-11-22,NA
2017-11-22 01:00:00,NA
2017-11-22 02:00:00,NA
2017-11-22 03:00:00,NA
2017-11-22 04:00:00,NA
2017-11-22 05:00:00,NA
2017-11-22 06:00:00,NA
2017-11-22 07:00:00,NA
2017-11-22 08:00:00,NA
2017-11-22 09:00:00,NA
2017-11-22 10:00:00,NA
2017-11-22 11:00:00,NA
2017-11-22 12:00:00,NA
2017-11-22 13:00:00,NA
2017-11-22 14:00:00,NA
2017-11-22 15:00:00,NA
2017-11-22 16:00:00,NA
2017-11-22 17:00:00,NA
2017-11-22 18:00:00,NA
2017-11-22 19:00:00,NA
2017-11-22 20:00:00,NA
2017-11-22 21:00:00,NA
2017-11-22 22:00:00,0.00404299981892108
2017-11-22 23:00:00,NA
2017-11-23,NA
2017-11-23 01:00:00,NA
2017-11-23 02:00:00,NA
2017-11-23 03:00:00,NA
2017-11-23 04:00:00,NA
2017-11-23 05:00:00,NA
2017-11-23 06:00:00,NA
2017-11-23 07:00:00,NA
2017-11-23 08:00:00,NA
2017-11-23 09:00:00,NA
2017-11-23 10:00:00,0.00312030012719333
2017-11-23 11:00:00,NA
2017-11-23 12:00:00,NA
2017-11-23 13:00:00,0.00327010010369122
2017-11-23 14:00:00,NA
2017-11-23 15:00:00,NA
2017-11-23 16:00:00,NA
2017-11-23 17:00:00,NA
2017-11-23 18:00:00,NA
2017-11-23 19:00:00,NA
2017-11-23 20:00:00,NA
2017-11-23 21:00:00,NA
2017-11-23 22:00:00,NA
2017-11-23 23:00:00,NA
2017-11-24,NA
2017-11-24 01:00:00,NA
2017-11-24 02:00:00,NA
2017-11-24 03:00:00,NA
2017-11-24 04:00:00,NA
2017-11-24 05:00:00,NA
2017-11-24 06:00:00,NA
2017-11-24 07:00:00,NA
2017-11-24 08:00:00,NA
2017-11-24 09:00:00,NA
2017-11-24 10:00:00,NA
2017-11-24 11:00:00,NA
2017-11-24 12:00:00,NA
2017-11-24 13:00:00,NA
2017-11-24 14:00:00,0.00264389999210834
2017-11-24 15:00:00,NA
2017-11-24 16:00:00,NA
2017-11-24 17:00:00,NA
2017-11-24 18:00:00,NA
2017-11-24 19:00:00,NA
2017-11-24 20:00:00,NA
2017-11-24 21:00:00,NA
2017-11-24 22:00:00,0.00331940012983977
2017-11-24 23:00:00,NA
2017-11-25,NA
2017-11-25 01:00:00,NA
2017-11-25 02:00:00,NA
2017-11-25 03:00:00,NA
2017-11-25 04:00:00,NA
2017-11-25 05:00:00,0.00262230006046593
2017-11-25 06:00:00,NA
2017-11-25 07:00:00,NA
2017-11-25 08:00:00,NA
2017-11-25 09:00:00,NA
2017-11-25 10:00:00,NA
2017-11-25 11:00:00,NA
2017-11-25 12:00:00,NA
2017-11-25 13:00:00,NA
2017-11-25 14:00:00,NA
2017-11-25 15:00:00,0.00289559992961585
2017-11-25 16:00:00,0.00281550013460218
2017-11-25 17:00:00,0.0027350999880582
2017-11-25 18:00:00,NA
2017-11-25 19:00:00,0.00259750010445714
2017-11-25 20:00:00,0.002541100140661
2017-11-25 21:00:00,NA
2017-11-25 22:00:00,NA
2017-11-25 23:00:00,NA
2017-11-26,NA
2017-11-26 01:00:00,NA
2017-11-26 02:00:00,NA
2017-11-26 03:00:00,NA
2017-11-26 04:00:00,NA
2017-11-26 05:00:00,NA
2017-11-26 06:00:00,NA
2017-11-26 07:00:00,NA
2017-11-26 08:00:00,NA
2017-11-26 09:00:00,NA
2017-11-26 10:00:00,NA
2017-11-26 11:00:00,NA
2017-11-26 12:00:00,0.00187819998245686
2017-11-26 13:00:00,0.00212449999526143
2017-11-26 14:00:00,NA
2017-11-26 15:00:00,NA
2017-11-26 16:00:00,NA
2017-11-26 17:00:00,NA
2017-11-26 18:00:00,NA
2017-11-26 19:00:00,NA
2017-11-26 20:00:00,0.00313990004360675
2017-11-26 21:00:00,NA
2017-11-26 22:00:00,NA
2017-11-26 23:00:00,0.00258129998110234
2017-11-27,NA
2017-11-27 01:00:00,NA
2017-11-27 02:00:00,NA
2017-11-27 03:00:00,NA
2017-11-27 04:00:00,0.0020707999356091
2017-11-27 05:00:00,0.00201570009812712
2017-11-27 06:00:00,NA
2017-11-27 07:00:00,0.00192419998347759
2017-11-27 08:00:00,0.0018876000540331
2017-11-27 09:00:00,NA
2017-11-27 10:00:00,0.00184709997847676
2017-11-27 11:00:00,0.00184360006824135
2017-11-27 12:00:00,0.00183970003854483
2017-11-27 13:00:00,0.00199489993974566
2017-11-27 14:00:00,0.00215069996193051
2017-11-27 15:00:00,0.00230660010129213
2017-11-27 16:00:00,NA
2017-11-27 17:00:00,NA
2017-11-27 18:00:00,NA
2017-11-27 19:00:00,NA
2017-11-27 20:00:00,NA
2017-11-27 21:00:00,NA
2017-11-27 22:00:00,NA
2017-11-27 23:00:00,NA
2017-11-28,NA
2017-11-28 01:00:00,NA
2017-11-28 02:00:00,NA
2017-11-28 03:00:00,0.00193929998204112
2017-11-28 04:00:00,0.00193260004743933
2017-11-28 05:00:00,0.00192569999489933
2017-11-28 06:00:00,NA
2017-11-28 07:00:00,0.00199760007672011
2017-11-28 08:00:00,NA
2017-11-28 09:00:00,NA
2017-11-28 10:00:00,NA
2017-11-28 11:00:00,NA
2017-11-28 12:00:00,NA
2017-11-28 13:00:00,NA
2017-11-28 14:00:00,NA
2017-11-28 15:00:00,NA
2017-11-28 16:00:00,NA
2017-11-28 17:00:00,NA
2017-11-28 18:00:00,NA
2017-11-28 19:00:00,NA
2017-11-28 20:00:00,NA
2017-11-28 21:00:00,NA
2017-11-28 22:00:00,NA
2017-11-28 23:00:00,NA
2017-11-29,NA
2017-11-29 01:00:00,0.00270990002900362
2017-11-29 02:00:00,NA
2017-11-29 03:00:00,NA
2017-11-29 04:00:00,NA
2017-11-29 05:00:00,NA
2017-11-29 06:00:00,NA
2017-11-29 07:00:00,NA
2017-11-29 08:00:00,NA
2017-11-29 09:00:00,NA
2017-11-29 10:00:00,NA
2017-11-29 11:00:00,NA
2017-11-29 12:00:00,NA
2017-11-29 13:00:00,NA
2017-11-29 14:00:00,NA
2017-11-29 15:00:00,NA
2017-11-29 16:00:00,NA
2017-11-29 17:00:00,NA
2017-11-29 18:00:00,NA
2017-11-29 19:00:00,0.0024210000410676
2017-11-29 20:00:00,0.00241099996492266
2017-11-29 21:00:00,0.0024007000029087
2017-11-29 22:00:00,NA
2017-11-29 23:00:00,NA
2017-11-30,NA
2017-11-30 01:00:00,NA
2017-11-30 02:00:00,NA
2017-11-30 03:00:00,NA
2017-11-30 04:00:00,NA
2017-11-30 05:00:00,NA
2017-11-30 06:00:00,NA
2017-11-30 07:00:00,NA
2017-11-30 08:00:00,NA
2017-11-30 09:00:00,NA
2017-11-30 10:00:00,NA
2017-11-30 11:00:00,NA
2017-11-30 12:00:00,NA
2017-11-30 13:00:00,NA
2017-11-30 14:00:00,NA
2017-11-30 15:00:00,NA
2017-11-30 16:00:00,NA
2017-11-30 17:00:00,NA
2017-11-30 18:00:00,NA
2017-11-30 19:00:00,NA
2017-11-30 20:00:00,NA
2017-11-30 21:00:00,NA
2017-11-30 22:00:00,NA
2017-11-30 23:00:00,NA
2017-12-01,NA
2017-12-01 01:00:00,NA
2017-12-01 02:00:00,NA
2017-12-01 03:00:00,NA
2017-12-01 04:00:00,NA
2017-12-01 05:00:00,NA
2017-12-01 06:00:00,NA
2017-12-01 07:00:00,NA
2017-12-01 08:00:00,NA
2017-12-01 09:00:00,NA
2017-12-01 10:00:00,NA
2017-12-01 11:00:00,NA
2017-12-01 12:00:00,NA
2017-12-01 13:00:00,NA
2017-12-01 14:00:00,NA
2017-12-01 15:00:00,0.00249590002931654
2017-12-01 16:00:00,NA
2017-12-01 17:00:00,NA
2017-12-01 18:00:00,NA
2017-12-01 19:00:00,NA
2017-12-01 20:00:00,NA
2017-12-01 21:00:00,NA
2017-12-01 22:00:00,NA
2017-12-01 23:00:00,NA
2017-12-02,NA
2017-12-02 01:00:00,NA
2017-12-02 02:00:00,NA
2017-12-02 03:00:00,NA
2017-12-02 04:00:00,NA
2017-12-02 05:00:00,NA
2017-12-02 06:00:00,NA
2017-12-02 07:00:00,NA
2017-12-02 08:00:00,NA
2017-12-02 09:00:00,NA
2017-12-02 10:00:00,NA
2017-12-02 11:00:00,NA
2017-12-02 12:00:00,NA
2017-12-02 13:00:00,NA
2017-12-02 14:00:00,NA
2017-12-02 15:00:00,NA
2017-12-02 16:00:00,NA
2017-12-02 17:00:00,NA
2017-12-02 18:00:00,NA
2017-12-02 19:00:00,NA
2017-12-02 20:00:00,NA
2017-12-02 21:00:00,NA
2017-12-02 22:00:00,NA
2017-12-02 23:00:00,NA
2017-12-03,NA
2017-12-03 01:00:00,NA
2017-12-03 02:00:00,NA
2017-12-03 03:00:00,NA
2017-12-03 04:00:00,NA
2017-12-03 05:00:00,NA
2017-12-03 06:00:00,NA
2017-12-03 07:00:00,NA
2017-12-03 08:00:00,NA
2017-12-03 09:00:00,NA
2017-12-03 10:00:00,NA
2017-12-03 11:00:00,NA
2017-12-03 12:00:00,NA
2017-12-03 13:00:00,NA
2017-12-03 14:00:00,NA
2017-12-03 15:00:00,NA
2017-12-03 16:00:00,NA
2017-12-03 17:00:00,NA
2017-12-03 18:00:00,NA
2017-12-03 19:00:00,NA
2017-12-03 20:00:00,NA
2017-12-03 21:00:00,NA
2017-12-03 22:00:00,NA
2017-12-03 23:00:00,NA
2017-12-04,NA
2017-12-04 01:00:00,0.00221140007488429
2017-12-04 02:00:00,NA
2017-12-04 03:00:00,0.00225419993512332
2017-12-04 04:00:00,NA
2017-12-04 05:00:00,NA
2017-12-04 06:00:00,NA
2017-12-04 07:00:00,NA
2017-12-04 08:00:00,NA
2017-12-04 09:00:00,NA
2017-12-04 10:00:00,NA
2017-12-04 11:00:00,NA
2017-12-04 12:00:00,NA
2017-12-04 13:00:00,NA
2017-12-04 14:00:00,NA
2017-12-04 15:00:00,NA
2017-12-04 16:00:00,NA
2017-12-04 17:00:00,NA
2017-12-04 18:00:00,NA
2017-12-04 19:00:00,NA
2017-12-04 20:00:00,NA
2017-12-04 21:00:00,NA
2017-12-04 22:00:00,NA
2017-12-04 23:00:00,NA
2017-12-05,NA
2017-12-05 01:00:00,NA
2017-12-05 02:00:00,NA
2017-12-05 03:00:00,NA
2017-12-05 04:00:00,NA
2017-12-05 05:00:00,NA
2017-12-05 06:00:00,NA
2017-12-05 07:00:00,NA
2017-12-05 08:00:00,NA
2017-12-05 09:00:00,NA
2017-12-05 10:00:00,NA
2017-12-05 11:00:00,NA
2017-12-05 12:00:00,NA
2017-12-05 13:00:00,NA
2017-12-05 14:00:00,0.00108740001451224
2017-12-05 15:00:00,0.00111249997280538
2017-12-05 16:00:00,NA
2017-12-05 17:00:00,NA
2017-12-05 18:00:00,0.00153820007108151
2017-12-05 19:00:00,0.00164340005721896
2017-12-05 20:00:00,NA
2017-12-05 21:00:00,NA
2017-12-05 22:00:00,NA
2017-12-05 23:00:00,NA
2017-12-06,NA
2017-12-06 01:00:00,NA
2017-12-06 02:00:00,NA
2017-12-06 03:00:00,NA
2017-12-06 04:00:00,NA
2017-12-06 05:00:00,NA
2017-12-06 06:00:00,NA
2017-12-06 07:00:00,NA
2017-12-06 08:00:00,NA
2017-12-06 09:00:00,NA
2017-12-06 10:00:00,0.00115000002551823
2017-12-06 11:00:00,0.00114960002247244
2017-12-06 12:00:00,NA
2017-12-06 13:00:00,0.00119209999684244
2017-12-06 14:00:00,NA
2017-12-06 15:00:00,NA
2017-12-06 16:00:00,NA
2017-12-06 17:00:00,NA
2017-12-06 18:00:00,NA
2017-12-06 19:00:00,NA
2017-12-06 20:00:00,NA
2017-12-06 21:00:00,NA
2017-12-06 22:00:00,NA
2017-12-06 23:00:00,NA
2017-12-07,NA
2017-12-07 01:00:00,NA
2017-12-07 02:00:00,NA
2017-12-07 03:00:00,NA
2017-12-07 04:00:00,NA
2017-12-07 05:00:00,NA
2017-12-07 06:00:00,0.00101240002550184
2017-12-07 07:00:00,NA
2017-12-07 08:00:00,NA
2017-12-07 09:00:00,NA
2017-12-07 10:00:00,NA
2017-12-07 11:00:00,NA
2017-12-07 12:00:00,NA
2017-12-07 13:00:00,NA
2017-12-07 14:00:00,NA
2017-12-07 15:00:00,NA
2017-12-07 16:00:00,NA
2017-12-07 17:00:00,NA
2017-12-07 18:00:00,NA
2017-12-07 19:00:00,NA
2017-12-07 20:00:00,NA
2017-12-07 21:00:00,NA
2017-12-07 22:00:00,NA
2017-12-07 23:00:00,NA
2017-12-08,NA
2017-12-08 01:00:00,0.00179260002914816
2017-12-08 02:00:00,NA
2017-12-08 03:00:00,NA
2017-12-08 04:00:00,NA
2017-12-08 05:00:00,NA
2017-12-08 06:00:00,NA
2017-12-08 07:00:00,NA
2017-12-08 08:00:00,NA
2017-12-08 09:00:00,NA
2017-12-08 10:00:00,NA
2017-12-08 11:00:00,0.00173340004403144
2017-12-08 12:00:00,0.00176510005258023
2017-12-08 13:00:00,0.00164869998116046
2017-12-08 14:00:00,NA
2017-12-08 15:00:00,NA
2017-12-08 16:00:00,NA
2017-12-08 17:00:00,NA
2017-12-08 18:00:00,NA
2017-12-08 19:00:00,0.00189830001909285
2017-12-08 20:00:00,NA
2017-12-08 21:00:00,0.00169850001111626
2017-12-08 22:00:00,NA
2017-12-08 23:00:00,0.00155380007345229
2017-12-09,NA
2017-12-09 01:00:00,NA
2017-12-09 02:00:00,NA
2017-12-09 03:00:00,NA
2017-12-09 04:00:00,NA
2017-12-09 05:00:00,NA
2017-12-09 06:00:00,NA
2017-12-09 07:00:00,NA
2017-12-09 08:00:00,NA
2017-12-09 09:00:00,NA
2017-12-09 10:00:00,NA
2017-12-09 11:00:00,NA
2017-12-09 12:00:00,NA
2017-12-09 13:00:00,0.00106889999005943
2017-12-09 14:00:00,NA
2017-12-09 15:00:00,NA
2017-12-09 16:00:00,0.00133989995811134
2017-12-09 17:00:00,NA
2017-12-09 18:00:00,NA
2017-12-09 19:00:00,NA
2017-12-09 20:00:00,NA
2017-12-09 21:00:00,NA
2017-12-09 22:00:00,NA
2017-12-09 23:00:00,0.00120800000149756
2017-12-10,NA
2017-12-10 01:00:00,0.00112420006189495
2017-12-10 02:00:00,NA
2017-12-10 03:00:00,0.00115360005293041
2017-12-10 04:00:00,0.00109559996053576
2017-12-10 05:00:00,NA
2017-12-10 06:00:00,9.799000108614564e-4
2017-12-10 07:00:00,NA
2017-12-10 08:00:00,NA
2017-12-10 09:00:00,NA
2017-12-10 10:00:00,NA
2017-12-10 11:00:00,NA
2017-12-10 12:00:00,NA
2017-12-10 13:00:00,NA
2017-12-10 14:00:00,NA
2017-12-10 15:00:00,NA
2017-12-10 16:00:00,NA
2017-12-10 17:00:00,NA
2017-12-10 18:00:00,NA
2017-12-10 19:00:00,NA
2017-12-10 20:00:00,NA
2017-12-10 21:00:00,NA
2017-12-10 22:00:00,NA
2017-12-10 23:00:00,NA
2017-12-11,NA
2017-12-11 01:00:00,NA
2017-12-11 02:00:00,NA
2017-12-11 03:00:00,NA
2017-12-11 04:00:00,NA
2017-12-11 05:00:00,NA
2017-12-11 06:00:00,NA
2017-12-11 07:00:00,NA
2017-12-11 08:00:00,NA
2017-12-11 09:00:00,NA
2017-12-11 10:00:00,NA
2017-12-11 11:00:00,NA
2017-12-11 12:00:00,NA
2017-12-11 13:00:00,NA
2017-12-11 14:00:00,NA
2017-12-11 15:00:00,0.00127740006428211
2017-12-11 16:00:00,0.00127840007189661
2017-12-11 17:00:00,NA
2017-12-11 18:00:00,NA
2017-12-11 19:00:00,NA
2017-12-11 20:00:00,NA
2017-12-11 21:00:00,NA
2017-12-11 22:00:00,NA
2017-12-11 23:00:00,NA
2017-12-12,NA
2017-12-12 01:00:00,NA
2017-12-12 02:00:00,NA
2017-12-12 03:00:00,NA
2017-12-12 04:00:00,NA
2017-12-12 05:00:00,NA
2017-12-12 06:00:00,NA
2017-12-12 07:00:00,NA
2017-12-12 08:00:00,NA
2017-12-12 09:00:00,NA
2017-12-12 10:00:00,NA
2017-12-12 11:00:00,NA
2017-12-12 12:00:00,NA
2017-12-12 13:00:00,NA
2017-12-12 14:00:00,NA
2017-12-12 15:00:00,NA
2017-12-12 16:00:00,NA
2017-12-12 17:00:00,0.00212590000592172
2017-12-12 18:00:00,0.00220160000026226
2017-12-12 19:00:00,0.00225670007057487
2017-12-12 20:00:00,NA
2017-12-12 21:00:00,NA
2017-12-12 22:00:00,0.00215610000304877
2017-12-12 23:00:00,NA
2017-12-13,NA
2017-12-13 01:00:00,NA
2017-12-13 02:00:00,NA
2017-12-13 03:00:00,NA
2017-12-13 04:00:00,NA
2017-12-13 05:00:00,NA
2017-12-13 06:00:00,NA
2017-12-13 07:00:00,NA
2017-12-13 08:00:00,NA
2017-12-13 09:00:00,NA
2017-12-13 10:00:00,NA
2017-12-13 11:00:00,NA
2017-12-13 12:00:00,NA
2017-12-13 13:00:00,NA
2017-12-13 14:00:00,NA
2017-12-13 15:00:00,NA
2017-12-13 16:00:00,NA
2017-12-13 17:00:00,NA
2017-12-13 18:00:00,NA
2017-12-13 19:00:00,0.00148480001371353
2017-12-13 20:00:00,0.00153420004062354
2017-12-13 21:00:00,NA
2017-12-13 22:00:00,0.00163209997117519
2017-12-13 23:00:00,NA
2017-12-14,NA
2017-12-14 01:00:00,NA
2017-12-14 02:00:00,NA
2017-12-14 03:00:00,NA
2017-12-14 04:00:00,NA
2017-12-14 05:00:00,NA
2017-12-14 06:00:00,NA
2017-12-14 07:00:00,NA
2017-12-14 08:00:00,NA
2017-12-14 09:00:00,NA
2017-12-14 10:00:00,NA
2017-12-14 11:00:00,NA
2017-12-14 12:00:00,NA
2017-12-14 13:00:00,NA
2017-12-14 14:00:00,NA
2017-12-14 15:00:00,NA
2017-12-14 16:00:00,NA
2017-12-14 17:00:00,NA
2017-12-14 18:00:00,NA
2017-12-14 19:00:00,NA
2017-12-14 20:00:00,NA
2017-12-14 21:00:00,NA
2017-12-14 22:00:00,NA
2017-12-14 23:00:00,NA
2017-12-15,NA
2017-12-15 01:00:00,NA
2017-12-15 02:00:00,NA
2017-12-15 03:00:00,NA
2017-12-15 04:00:00,NA
2017-12-15 05:00:00,NA
2017-12-15 06:00:00,NA
2017-12-15 07:00:00,9.687999845482408e-4
2017-12-15 08:00:00,NA
2017-12-15 09:00:00,NA
2017-12-15 10:00:00,NA
2017-12-15 11:00:00,NA
2017-12-15 12:00:00,NA
2017-12-15 13:00:00,NA
2017-12-15 14:00:00,NA
2017-12-15 15:00:00,NA
2017-12-15 16:00:00,NA
2017-12-15 17:00:00,NA
2017-12-15 18:00:00,NA
2017-12-15 19:00:00,NA
2017-12-15 20:00:00,NA
2017-12-15 21:00:00,NA
2017-12-15 22:00:00,NA
2017-12-15 23:00:00,NA
2017-12-16,NA
2017-12-16 01:00:00,NA
2017-12-16 02:00:00,NA
2017-12-16 03:00:00,NA
2017-12-16 04:00:00,NA
2017-12-16 05:00:00,NA
2017-12-16 06:00:00,NA
2017-12-16 07:00:00,NA
2017-12-16 08:00:00,NA
2017-12-16 09:00:00,NA
2017-12-16 10:00:00,NA
2017-12-16 11:00:00,NA
2017-12-16 12:00:00,NA
2017-12-16 13:00:00,NA
2017-12-16 14:00:00,NA
2017-12-16 15:00:00,NA
2017-12-16 16:00:00,NA
2017-12-16 17:00:00,NA
2017-12-16 18:00:00,0.00215750001370906
2017-12-16 19:00:00,NA
2017-12-16 20:00:00,NA
2017-12-16 21:00:00,NA
2017-12-16 22:00:00,NA
2017-12-16 23:00:00,NA
2017-12-17,NA
2017-12-17 01:00:00,NA
2017-12-17 02:00:00,NA
2017-12-17 03:00:00,NA
2017-12-17 04:00:00,NA
2017-12-17 05:00:00,NA
2017-12-17 06:00:00,NA
2017-12-17 07:00:00,NA
2017-12-17 08:00:00,NA
2017-12-17 09:00:00,NA
2017-12-17 10:00:00,NA
2017-12-17 11:00:00,NA
2017-12-17 12:00:00,NA
2017-12-17 13:00:00,NA
2017-12-17 14:00:00,NA
2017-12-17 15:00:00,NA
2017-12-17 16:00:00,NA
2017-12-17 17:00:00,NA
2017-12-17 18:00:00,NA
2017-12-17 19:00:00,NA
2017-12-17 20:00:00,NA
2017-12-17 21:00:00,NA
2017-12-17 22:00:00,NA
2017-12-17 23:00:00,NA
2017-12-18,NA
2017-12-18 01:00:00,NA
2017-12-18 02:00:00,NA
2017-12-18 03:00:00,NA
2017-12-18 04:00:00,NA
2017-12-18 05:00:00,NA
2017-12-18 06:00:00,NA
2017-12-18 07:00:00,NA
2017-12-18 08:00:00,NA
2017-12-18 09:00:00,NA
2017-12-18 10:00:00,NA
2017-12-18 11:00:00,NA
2017-12-18 12:00:00,NA
2017-12-18 13:00:00,NA
2017-12-18 14:00:00,NA
2017-12-18 15:00:00,NA
2017-12-18 16:00:00,NA
2017-12-18 17:00:00,NA
2017-12-18 18:00:00,0.00264850002713501
2017-12-18 19:00:00,0.00275860005058348
2017-12-18 20:00:00,NA
2017-12-18 21:00:00,0.00297969998791813
